1,Delaware Debra Lodge,Spring Shape
2,New Mexico Phillips Brooks,Dry Snowflake
3,Arizona Sullivan Extensions,Jolly Heart
4,Nebraska Gilmore Knolls,Sweet Feather
5,New York Bennett Isle,Shy Snowflake
6,Tennessee Mark Burgs,Long Sea
7,Tennessee Dawn Track,Long Sound
8,Ohio Sherri Junctions,Wild Butterfly
9,Kentucky Clark Divide,Hidden Unit
10,Kansas Ashley Harbors,Super Violet
11,Idaho Graham Union,Plain Bar
12,New Hampshire Brown Spring,Aged Butterfly
13,North Carolina Deborah Valleys,Snowy Hat
14,Indiana Christina Inlet,Fancy Wood
15,Louisiana Anderson Pine,Fancy Sky
16,North Dakota Ramos Branch,Patient Math
17,Ohio Rachel Haven,Long Surf
18,North Carolina Leah Common,Billowing Cloud
19,South Dakota Rose Camp,Red Base
20,Missouri Fernandez Place,Plain Hill
21,Hawaii Gutierrez Heights,Delicate Lake
22,Nebraska White Avenue,Blue Morning
23,South Carolina Guzman Isle,Cool River
24,South Carolina Parsons Fields,Little Shadow
25,West Virginia Caldwell Village,Old Surf
26,Vermont Brown Station,Sweet Star
27,Nevada Roberts Turnpike,Throbbing Fire
28,Alaska Tony Cliff,Square Haze
29,Delaware Johnson Junction,Weathered Bonus
30,Missouri Charles Junctions,White Voice
31,Idaho Tyler Cove,Twilight Feather
32,Montana Jason Greens,Royal Hat
33,Missouri Jose Path,Aged King
34,New Mexico Paul Plaza,Misty Haze
35,Idaho Holmes Hollow,Cool Pine
36,Delaware Victoria Shoals,Wispy Darkness
37,Florida Campos Groves,Old Wave
38,Montana Haney Parks,Quiet Silence
39,Alaska Becker Plaza,Jolly Wood
40,North Carolina Haney Cliffs,Aged Credit
41,North Carolina Ronnie Islands,Holy Resonance
42,Hawaii Lopez Inlet,Square Salad
43,Michigan Spencer Hill,Little Bread
44,Nebraska Barajas Light,Misty Sky
45,Arizona Jennifer Manor,Shrill Tree
46,Pennsylvania Gonzales Inlet,Summer River
47,Iowa Barton Flats,Snowy Lab
48,Maryland Dickson Curve,Broken Flower
49,Kentucky Ronnie Corners,Rapid Feather
50,New York Castillo Island,Cold Lake
51,Maryland Ian Prairie,Mute Hat
52,Rhode Island Veronica Street,Damp Star
53,North Carolina Best Centers,Calm Violet
54,Montana Santos Bridge,Divine Glade
55,Wyoming Johnson Circle,Misty Darkness
56,Alaska Walters Passage,Summer Frost
57,Washington White Island,Autumn Field
58,Pennsylvania Ashley Motorway,Red Violet
59,Michigan Nicole Viaduct,Damp Mouse
60,Arkansas Sharon Lock,Fancy Mountain
61,Virginia Stacey Route,Royal Tree
62,Indiana Herrera Orchard,Floral Waterfall
63,Utah Jorge Island,Cold Leaf
64,South Dakota Chang Well,White Night
65,Missouri Jared Wells,Black Lab
66,Hawaii Lyons Keys,Royal Term
67,Washington Hernandez Freeway,Empty Snowflake
68,West Virginia Molina Harbor,Sweet Bread
69,Oregon Howell View,Lingering Poetry
70,New Jersey Lyons Lake,Black Sunset
71,Iowa Welch Island,Tight Resonance
72,South Dakota Nicholas Union,Small King
73,New Mexico Padilla Fort,Snowy Meadow
74,Iowa Harmon Forks,Steep Bird
75,Florida Tamara Shoals,Shy Hat
76,South Carolina Palmer Summit,Shiny Dream
77,West Virginia Carla Views,Little Bread
78,New York Dickerson Keys,Royal Sound
79,Minnesota James Rapid,Curly Cherry
80,Massachusetts Flores Isle,Restless Mud
81,Maryland Caitlin Crescent,Gentle Frog
82,South Carolina Brandi Court,Sparkling Poetry
83,Connecticut Huff Shore,Twilight Wildflower
84,Wisconsin Robbins Street,Tiny Credit
85,Texas Mitchell Ports,Nameless Math
86,Georgia Edwards Estate,Black Field
87,Virginia Dennis Rest,Wild Lab
88,Rhode Island Callahan Bypass,Lively Dew
89,Kentucky Mullins Center,Gentle Fog
90,Ohio Shelton Greens,Falling Shadow
91,Colorado Coffey Corners,Yellow Mud
92,Maryland Edwards Route,Hidden Night
93,Illinois Weaver Drive,Cool Snow
94,Georgia Jennifer Road,Red Sun
95,New Hampshire Joel Glens,Orange Feather
96,North Dakota Dunn Crossing,Withered Rain
97,Texas Todd Walk,Calm Darkness
98,Massachusetts Schmidt Spurs,Rough Pine
99,North Carolina Gardner Canyon,Tiny River
100,Nebraska Turner Plaza,Shy Thunder
101,New York Herbert Harbors,Raspy Darkness
102,Mississippi William Fords,Delicate Limit
103,Louisiana Lisa Ways,Long Breeze
104,Delaware Walls Forks,Odd Mountain
105,Connecticut Dylan Turnpike,Shy Waterfall
106,Mississippi Herring Turnpike,Quiet Fog
107,Nebraska Jacobs Locks,Fragrant Frost
108,Pennsylvania Daniel Streets,Snowy Credit
109,Alabama Sanchez Island,Bitter Dream
110,Louisiana Griffin Creek,Nameless Base
111,Oklahoma Miller Trafficway,Purple Cloud
112,New Jersey Bryant Crossroad,Cold Union
113,Rhode Island Johnson Roads,Nameless Snow
114,Massachusetts Sanders Glen,Rapid Base
115,New Hampshire Pamela Drives,Round Lab
116,West Virginia Jeffrey Mountains,Patient Sky
117,Kansas Christopher Manors,White Sun
118,Alaska Lauren Path,Little Salad
119,Florida Raymond Crest,Little Poetry
120,Wisconsin Dean Oval,Weathered Field
121,Iowa Jessica Throughway,Throbbing Disk
122,Delaware Lisa Divide,Fancy Paper
123,Washington Andrew Landing,Shrill Sky
124,Illinois Rodriguez Key,Wild Term
125,Mississippi Mckee Path,Black Glade
126,Ohio Toni Brook,Lingering Field
127,Washington Amber Port,Empty Dawn
128,Florida Hernandez Stravenue,Shrill Lake
129,Minnesota Robin Crescent,Floral Shape
130,New Hampshire Gillespie Club,Red Scene
131,Georgia Shepard Trail,Wispy Scene
132,Tennessee Kim Parkways,Mute Dew
133,Texas Jones Road,Quiet Band
134,South Dakota Timothy Extension,Shiny Sky
135,Indiana Maria Corners,Odd Snowflake
136,Illinois Wendy View,Withered Fog
137,Vermont Angela Row,Calm Credit
138,Alaska Francisco Branch,Spring Leaf
139,Washington Kelsey Roads,Shrill Truth
140,Alabama David Vista,Falling King
141,North Dakota Tyler Tunnel,Super Sun
142,Wyoming Silva Pass,Cold Block
143,Arizona Fox Island,Dawn Rain
144,Maryland Jacob Gardens,Rough Truth
145,Montana Kelley Burgs,Proud Violet
146,Iowa Ware Stream,Polished Sky
147,Oregon Hartman Estates,Broken Glade
148,Oklahoma Miller Creek,Morning Wildflower
149,West Virginia Kelly Brook,Throbbing Salad
150,New York Joyce Pines,Empty River
151,Maryland Rowe Ramp,Cool Tree
152,South Carolina Lisa Ford,Lingering Flower
153,Alaska Lisa Neck,Billowing Sound
154,Minnesota Lisa Stream,Cold Sunset
155,Mississippi Bradley Extension,Tight Lake
156,Illinois Lawrence Squares,Winter Tooth
157,Rhode Island Perry Fork,Patient Cell
158,New Hampshire Daniels Squares,Winter Grass
159,Pennsylvania Hardy Court,Broad Paper
160,Nevada Melissa Track,Black Butterfly
161,New Jersey Herrera Drive,Black Tree
162,South Carolina Peggy Field,Mute Feather
163,New York Martinez Drive,Fancy Brook
164,Maryland Janet Mount,Long Bush
165,North Dakota Elliott Path,Cold Breeze
166,Nebraska Pearson Park,Late Wildflower
167,Rhode Island Reyes Island,Mute Salad
168,Alabama Ronnie Valley,Green Rice
169,South Dakota Watson Curve,Soft Thunder
170,Missouri Rojas Via,Snowy Bush
171,Michigan Jonathan Cliffs,Quiet Mouse
172,Kentucky Bridget Lock,Noisy Night
173,Colorado Dawson Oval,Ancient Base
174,New York Suzanne Knoll,Bitter Limit
175,Arizona Henderson Mission,Misty Cloud
176,Pennsylvania Zachary Lodge,Wandering Shadow
177,Kentucky Wilson Wall,Odd Dream
178,Oklahoma Martin Track,White Bush
179,West Virginia Hines Point,Lucky Wildflower
180,Kentucky Johnson Throughway,Flat Frost
181,New Mexico Smith Lights,Frosty Butterfly
182,Maine Moreno Extensions,White Bread
183,Missouri Everett Highway,Ancient Term
184,Virginia Stephanie Gateway,Lucky Silence
185,Montana Green Islands,Wandering Block
186,Kentucky Cooper Roads,Hidden Queen
187,South Carolina Taylor Views,Patient King
188,Indiana Johnson Gardens,Floral Paper
189,Tennessee Dixon Gateway,Damp Snow
190,Florida Rachel Ways,Quiet Sun
191,Maryland Bailey Inlet,Holy Hat
192,Hawaii William Course,Fancy Cloud
193,Mississippi Rivera Trail,Royal Snowflake
194,Oklahoma Tara Mountains,Aged Dawn
195,Nevada Ward Stravenue,Shy Fog
196,Massachusetts Castillo Wells,Wild Pond
197,Maine Kristina Meadow,Long Dust
198,Pennsylvania Francis Route,Twilight Union
199,New Hampshire Leah Loop,Billowing Tree
200,Arkansas Carey Key,Broad Limit
201,Wisconsin Tommy Circles,Autumn Hall
202,South Carolina Christopher Heights,Shy Paper
203,Idaho Bartlett Junction,Old Art
204,Arizona James Parkways,Dark Recipe
205,Utah Jeanne Island,Long Queen
206,Pennsylvania Marquez Street,Lingering Violet
207,Connecticut Christopher Motorway,Gentle Scene
208,Massachusetts Christopher Plains,Rapid River
209,California Hart Crest,Cool Wood
210,Connecticut Gibson Lane,Rough Brook
211,Nebraska Patricia Prairie,Muddy Unit
212,Kansas Martin Shoals,Fancy Pond
213,Mississippi Eddie Land,Hidden Fire
214,Kansas Martinez Ways,Jolly Sun
215,Oregon Watson Prairie,Red Brook
216,Oregon Victoria Parkway,Ancient Credit
217,North Carolina Devin Union,Mute Hill
218,New Mexico Dawn Spring,Young Base
219,Alaska Griffin Wells,Fancy Snowflake
220,Louisiana Cooper Shoals,Crimson Pond
221,Maine Hill Views,Dark Flower
222,Georgia Diaz Turnpike,Quiet Sea
223,Kentucky Williamson Viaduct,Tight Morning
224,Michigan Julie Cliffs,Divine Bush
225,Arkansas Julie Via,Red Snow
226,South Dakota Pineda Flats,Dark Art
227,California Meyer Glen,Lively Cell
228,Nevada Jordan Plain,Summer Field
229,Maine Hayes Haven,Summer Darkness
230,Wisconsin Allison Ways,Nameless Wave
231,Colorado Morales Center,Square Grass
232,Wisconsin Joanna Underpass,Gentle Water
233,Arizona Jessica Locks,Empty Recipe
234,Utah Zuniga Street,Holy Fog
235,Nevada Brian Garden,Bitter Bread
236,California Levi Mount,Nameless Flower
237,Maryland Ricardo Gateway,Square Disk
238,Wyoming Thomas Club,Round Feather
239,Nebraska Haley Common,Billowing Shadow
240,Kentucky Daniel Summit,Shiny Star
241,New York Samantha Mount,Silent Feather
242,Connecticut Sawyer Stravenue,Steep Pond
243,Wisconsin Jennifer Throughway,Jolly Band
244,Mississippi Blackburn Center,Old Leaf
245,California Phillips Trail,Sparkling Truth
246,Mississippi Taylor Pike,Dark River
247,New Hampshire Heath Radial,Solitary Dream
248,Massachusetts Tammie Divide,Long Hall
249,Colorado Jones Forest,Delicate Unit
250,Mississippi Washington Parkway,Purple Sun
251,Arizona Krista Neck,Proud Block
252,Kansas James Bypass,Billowing Water
253,New Hampshire Curry Street,Green King
254,New Mexico Alexander Forest,Morning Scene
255,Montana April Stream,Misty Sun
256,Massachusetts Jason Hills,Noisy Disk
257,Kansas Rogers Keys,Wandering Shape
258,Rhode Island Preston Ridges,Blue Mud
259,Montana Vazquez Manor,Wandering Shadow
260,Georgia Matthew Pine,Fragrant Heart
261,New Jersey Steven Glen,Holy Star
262,Oklahoma Morrison Port,Still Salad
263,Minnesota Stephanie Field,Noisy Pond
264,New York Sexton Brook,Gentle Salad
265,Massachusetts Foster Mills,Royal Mountain
266,Indiana Kevin Ferry,Still Snow
267,Wisconsin Graham Keys,Damp Glade
268,Montana Turner Circles,Misty Thunder
269,Maryland Carpenter Light,Round Smoke
270,Florida Conner Glen,Cool Sky
271,South Carolina Rodriguez Pike,Polished Pond
272,Connecticut Avila Points,Shiny Cake
273,Hawaii Brooks Roads,Dry Mouse
274,New Jersey John Camp,Broken Band
275,Georgia Trevino Rapid,Calm Wildflower
276,Delaware Vargas Ranch,Winter Band
277,Arkansas Jennifer Burg,Wandering Dew
278,New York Fry Square,Polished Wildflower
279,Kentucky West Field,Fancy Moon
280,Georgia Christopher Mills,Cool Base
281,Alaska Clark Viaduct,Damp Fire
282,Hawaii Lopez Trail,Floral Cell
283,Pennsylvania Zuniga Village,Lingering Rice
284,Idaho Smith Ways,Polished King
285,Connecticut Baxter Fords,Twilight Flower
286,New York Lewis Causeway,Cold Forest
287,Florida Gross Neck,Muddy Heart
288,California Gill Corner,Cool Sea
289,Nebraska Schaefer Wall,Floral Thunder
290,Oklahoma Amanda Tunnel,Cool Violet
291,Kentucky Gonzalez Shoals,Broken Mud
292,Rhode Island Ashley Track,Young Frog
293,Indiana Timothy Falls,Rough Bonus
294,Virginia Long Walks,Plain Hall
295,New York Jody Forges,Rapid Star
296,Mississippi Hernandez Pines,Wandering Rain
297,North Dakota Jenna Drive,Small Leaf
298,Louisiana Cooley Station,Plain Lake
299,Connecticut Dylan Gardens,Spring Sun
300,Wyoming Holt Court,Misty Art
301,Idaho Jackson Ridges,Lucky Butterfly
302,Ohio Ward Rapid,Misty Salad
303,Colorado Thomas Villages,Small Field
304,Connecticut Isaiah Manors,Lucky Sunset
305,North Carolina Stein Path,Curly Violet
306,North Dakota John Hill,Throbbing Frog
307,Arkansas Sanchez Loaf,Jolly Frog
308,Maine Rodney Overpass,Patient Fire
309,Alabama Eric Wall,Cold Hat
310,Florida Bailey Mill,Wandering Bar
311,New Jersey Freeman Viaduct,Raspy Butterfly
312,California Lewis Prairie,Muddy Heart
313,Georgia Diana Expressway,Weathered Paper
314,New Hampshire Kevin Fords,Wandering Pond
315,Alaska Melissa Passage,Broken Frog
316,Montana Knapp Pike,Withered Bonus
317,Arkansas Christina Path,Late Morning
318,Tennessee Ashley Run,Square Heart
319,Louisiana Joseph Mountains,Young Wildflower
320,South Dakota Alexander Mill,Gentle Sound
321,North Dakota Brooks Loaf,Polished Sunset
322,Iowa Black Orchard,Sparkling Cake
323,Tennessee Diaz River,Old Mode
324,Missouri Lopez Causeway,Plain Bread
325,New York Salas Island,Noisy Tree
326,Mississippi Harris Keys,Damp Truth
327,Alaska Robertson Park,Cool Glitter
328,Florida Alexis Falls,Broken Rice
329,Washington Nathan Dam,Noisy Firefly
330,New Mexico Christopher Walks,Rapid Glitter
331,Oregon James Falls,Falling Term
332,Wisconsin Kristopher Pine,Winter Lab
333,New Mexico Smith Via,Winter Unit
334,Arizona Wood Unions,Patient Bread
335,Mississippi Gregory Crossing,Summer King
336,Indiana Kevin Way,Restless Waterfall
337,New Hampshire Robert Crescent,Nameless Paper
338,Virginia Gonzalez Turnpike,Gentle Water
339,Montana Patrick Parkway,Long Block
340,Wyoming Guzman Common,Green Recipe
341,Michigan Scott Rapid,Jolly Poetry
342,Utah Jimmy Ramp,Icy Scene
343,Kentucky Samantha Common,Gentle River
344,Washington Allen Isle,Round Boat
345,Alabama Jose Ports,Broad Truth
346,New York Mclaughlin Flats,Wild Recipe
347,Hawaii Julie Rapid,Patient Sun
348,Tennessee Jaime Ways,Raspy Forest
349,New Mexico Thomas Hill,Wispy Forest
350,Iowa Mark Place,Bitter Night
351,Idaho Jacqueline Village,Lucky Mode
352,South Carolina Hannah Common,Bitter Wood
353,Iowa Parker Parkway,Odd Surf
354,Oregon Edward Place,Steep Frog
355,Illinois Hunter Wells,Morning Hill
356,Arizona Adrienne Stream,Bitter Rain
357,Tennessee Horton Crossing,Orange Queen
358,Vermont Durham Fields,Polished Sun
359,Pennsylvania Davis Street,Gentle Mud
360,Nevada Rivera Lights,Noisy Dawn
361,New Mexico Kevin Road,Bold King
362,Indiana Cardenas Springs,Crimson Dew
363,Oregon Wright Highway,Fancy Bread
364,Alaska Jeffrey Well,Falling Pond
365,Rhode Island Melissa Manors,Shiny Firefly
366,Maine Scott Road,Crimson Rice
367,West Virginia Jackson Tunnel,Wispy Dream
368,Connecticut Carroll Club,Silent Wave
369,Alabama Bentley Canyon,Spring Snowflake
370,Maine Holmes Inlet,Gentle Morning
371,California Newton Brooks,Gentle Glitter
372,Georgia Sara Flat,Plain Breeze
373,Missouri Lambert Corner,Shy Bread
374,Missouri Laurie Estate,Broken Mode
375,Oregon Oliver Isle,Soft Sound
376,North Carolina Michael Meadows,Rough Tooth
377,North Dakota Becky Roads,Gentle Darkness
378,Virginia Jessica Pike,Fragrant Cloud
379,Idaho Susan Brook,Polished Sea
380,Oklahoma Bond Road,Little Brook
381,North Carolina Thomas Motorway,Dry Base
382,Texas David Prairie,Muddy Bush
383,Alaska Mcgee Mountains,Square Voice
384,Nevada Michael Ferry,Weathered Frost
385,Ohio Susan Plaza,Fancy Thunder
386,Maine Trevor Fords,Empty Dew
387,California Chris Land,Little Glade
388,Kansas Miller Locks,Steep Limit
389,Minnesota Laura Unions,Red Haze
390,Nebraska Martinez Cape,Silent Field
391,Missouri Li Harbor,Mute Lake
392,Delaware Heather Plains,Square Lab
393,Minnesota Joseph Street,Cool Hat
394,Iowa Davis Meadow,Red Mouse
395,New York Samantha Unions,Black Heart
396,Utah Miller Landing,Shy Base
397,Tennessee Jorge Lane,Sweet Snow
398,Kansas Valencia Cliff,Falling Grass
399,Illinois Christian Heights,Muddy Darkness
400,Minnesota Karen Isle,Withered Base
401,Wyoming Bryan Parks,Raspy Morning
402,Indiana Robert Points,Gentle Glade
403,Michigan Jill Cliffs,Lucky Dust
404,Kansas Troy Way,Autumn Haze
405,Maryland William Trail,Odd Dawn
406,Massachusetts Harper Shoal,Aged Rain
407,Wyoming Flores Brook,Divine Cloud
408,Minnesota Christopher Harbor,Round Butterfly
409,Illinois Velazquez Flats,Flat Breeze
410,Idaho Sims Lakes,Gentle Disk
411,New Hampshire Jimenez Summit,Aged Shadow
412,Pennsylvania Wood Estates,Little Cake
413,Illinois Bradley Terrace,Patient Dream
414,New Mexico Blake Extension,Curly Field
415,Ohio Howard Island,Red Scene
416,Pennsylvania Amanda Flats,Steep Mode
417,Arizona Gabrielle Crescent,Broken Lab
418,Nebraska Anthony Island,Winter Pond
419,Georgia Chandler Alley,Withered Band
420,West Virginia Joanne Garden,Super Hill
421,New Mexico Russell Terrace,Quiet Scene
422,New Jersey Brown Fords,Autumn Haze
423,Utah Lynn Station,Green Term
424,Utah George Summit,Billowing Dust
425,Washington Zhang Forge,Yellow Sun
426,Arizona Joseph Land,Shrill Cloud
427,Hawaii Howard Streets,Purple Night
428,Georgia Allison Place,Still Shape
429,Kansas Campbell Roads,Billowing Glitter
430,New Jersey Moore Walks,Nameless Thunder
431,Wyoming Patel Plaza,Dark Heart
432,New York Valdez Bridge,Weathered Art
433,North Carolina Alexandra Trace,Nameless Bush
434,Montana Hall Throughway,Jolly Silence
435,Kentucky Fowler Cliffs,Cool Thunder
436,Massachusetts Diaz Passage,Wispy Tree
437,Minnesota Miller Isle,Withered Frost
438,Nebraska Jacob Mission,Winter Rice
439,Ohio Taylor Plains,Gentle Paper
440,West Virginia Cochran Hollow,Cold Mud
441,Alabama Gloria Coves,Bold Waterfall
442,Iowa Pitts Knoll,Mute Haze
443,Massachusetts Joshua Canyon,Shiny Darkness
444,Massachusetts Wilson Forks,Curly Flower
445,Minnesota Gonzalez Estate,Cool Sun
446,Illinois Stacy Groves,Snowy Night
447,Wyoming Yu Walk,Tiny Wood
448,Minnesota Jones Gateway,Delicate Morning
449,Virginia Caitlin Lane,Square Meadow
450,Oklahoma Scott Terrace,Square Lab
451,Hawaii Jones Extensions,Red Tree
452,Alabama Burke Overpass,Damp Term
453,Pennsylvania Allison Mountains,Billowing Dew
454,Wisconsin Smith Curve,Still Leaf
455,West Virginia Michael Bypass,Fragrant Dawn
456,Colorado Walsh Viaduct,Bold Resonance
457,New Hampshire Russell Mill,Weathered Field
458,Georgia Kelley Ramp,Black Star
459,Ohio Larry Burg,Empty Shadow
460,Nevada Michelle Landing,Calm Glitter
461,South Carolina Adams Fort,Purple Scene
462,Alabama Stevenson Courts,Cool Mountain
463,Wisconsin Kathy Drive,Spring River
464,Delaware Travis Pines,Billowing Bonus
465,Illinois Stout Path,Silent Silence
466,Maryland Clay Mission,Weathered Bread
467,Oregon Devin Path,Dawn Forest
468,Hawaii Clarke Rest,Lingering Pine
469,Missouri Trevor Isle,Falling Sea
470,Oklahoma Kylie Groves,Proud Cell
471,Vermont Rachel Falls,Lively Band
472,Wisconsin Kathleen Branch,Shrill Flower
473,Connecticut Nelson Villages,Snowy Hill
474,Massachusetts Laura Courts,Orange Shadow
475,Mississippi Steven Circle,Wild Grass
476,Texas Andrew Coves,Restless Fire
477,Illinois Jacob Drive,Wild Brook
478,Oregon John Fork,Sparkling Cloud
479,Oklahoma Cook Walks,Yellow Sunset
480,New Jersey Paul Curve,Blue Firefly
481,New Mexico Lopez Parks,Dark Haze
482,Nebraska Gregory Views,Long Brook
483,Delaware Randy Way,Royal Sun
484,South Dakota Frazier View,Morning Salad
485,West Virginia Garrett Summit,Still Bread
486,South Carolina Daniel Lane,Snowy Hat
487,Kentucky Silva Bypass,Damp Mountain
488,Maine Rachel Drive,Small Thunder
489,Rhode Island Smith Pass,Lively Thunder
490,Nevada Wendy Heights,Polished Wildflower
491,South Carolina Andrew Way,Morning Block
492,New Mexico Scott Mills,Autumn Water
493,North Carolina Briggs Mountain,Small Art
494,Oklahoma Perkins Fall,Rough Frost
495,Arizona Franklin Meadows,Throbbing Moon
496,North Dakota Dawson Row,Divine Tooth
497,Alabama Elizabeth Cliff,Still Scene
498,Connecticut Johnson Corners,Weathered Cherry
499,Connecticut Teresa Mission,Blue Star
500,Missouri Gutierrez Alley,Shy Snowflake
501,Massachusetts Jessica Lock,Dawn Block
502,New Mexico Bridges Cove,Falling Frog
503,Maine Murray Plains,Tight River
504,New York Price Ways,Black Resonance
505,Louisiana Marc Mall,Odd Salad
506,South Dakota Shaw Loaf,Black Pond
507,Wyoming Martin Crest,Purple Frog
508,Missouri Steven Islands,Delicate Math
509,Alaska William Corner,Rapid King
510,Rhode Island Julia Manor,Broad Dream
511,Idaho Wolf Mount,Black Cloud
512,New York Jacobson Keys,Black Thunder
513,Alaska Jeremiah Centers,Falling Dust
514,New Jersey Nichole Islands,Nameless Bread
515,New Hampshire Crystal Knoll,Proud Flower
516,Delaware Amy Via,Sweet Sun
517,New York Melissa Pines,Autumn Thunder
518,Arizona Cory Dam,Morning Dust
519,Ohio Susan Rue,Divine Paper
520,Kentucky Farley Shores,Spring Voice
521,New Mexico Yoder Road,Quiet Snow
522,Pennsylvania Davis Hollow,Rapid Tooth
523,New Hampshire Austin Squares,Divine Recipe
524,California Cameron Orchard,Cool River
525,Pennsylvania David Rapids,Flat Sun
526,Arkansas Chavez Mill,Bitter Waterfall
527,Indiana Smith Landing,Lingering Flower
528,Michigan Jacob Cliff,Dry Cake
529,Nevada Wallace Burg,Noisy Lab
530,New Mexico Ashley Garden,Bitter Credit
531,Hawaii Moyer Harbors,Solitary Wildflower
532,North Carolina Green Brooks,Mute Moon
533,Pennsylvania Powers Springs,Flat Dust
534,Minnesota Joshua Motorway,Steep Star
535,Michigan Kristina Meadows,Broken Scene
536,South Dakota Michael Freeway,Young Moon
537,New Jersey Brenda Radial,White Bar
538,Alaska Thomas Fork,Dawn Disk
539,New Mexico Evans Crest,Throbbing Voice
540,Rhode Island Meyers Drives,Jolly Bush
541,Indiana Pratt Locks,Odd Truth
542,Maryland Brooks Crest,Weathered Feather
543,North Dakota Shannon Spurs,Autumn Block
544,Montana Wolf Inlet,Wispy Snowflake
545,Rhode Island Andrea Fall,Royal Hat
546,Wisconsin Denise Gateway,Yellow Water
547,West Virginia Miller Pines,Damp Silence
548,Kentucky Watson Falls,Snowy Boat
549,Nevada Madison Ranch,Wandering Math
550,Kentucky Jensen Green,Hidden Forest
551,Indiana Trevor Track,Polished Glitter
552,Alaska Carlson Mountain,Bitter Credit
553,Ohio Christopher Well,Jolly Fire
554,Mississippi Julie Hill,Damp Silence
555,Minnesota Henry Shores,Purple Wildflower
556,Mississippi Strickland Center,Wandering Sunset
557,Pennsylvania Kelly Well,Gentle Tooth
558,Washington Brooke Mews,Summer Shadow
559,Nevada James Union,White Bird
560,Missouri William Bridge,Misty Lab
561,Kentucky Daniel Valleys,Proud Math
562,Tennessee Arthur River,Wispy Boat
563,Alabama James Crossing,Dry Tree
564,Indiana Park Rue,Sparkling Mud
565,Nebraska Craig Gardens,Proud Wildflower
566,Kentucky Erica Pines,Solitary Thunder
567,Oregon Chambers Hill,Royal Darkness
568,Nevada Alex Island,Broken Thunder
569,South Carolina Keller Ridge,Twilight Shape
570,Alabama John Station,Square Limit
571,North Carolina Kevin Pike,Plain Math
572,Indiana Jerry Stream,Twilight Bird
573,Florida Grant Causeway,Green Math
574,Arizona Audrey Wells,Round Flower
575,Kansas Garrison Rapid,Quiet Hat
576,Texas Jennifer Key,Divine Frost
577,Massachusetts Reyes Freeway,Purple Dream
578,North Carolina Frederick Estates,Throbbing Block
579,Utah Johnson Alley,Square Butterfly
580,New Jersey Reynolds Forest,Young Hill
581,Texas Melissa Course,Aged Band
582,Louisiana Todd Center,Red Firefly
583,Montana Amy Estates,Broad Art
584,Vermont Bass Drives,Small Lake
585,Oklahoma Joyce Flat,Tiny Sea
586,Nevada Marcus Trail,Silent Cell
587,Alaska Shannon Spur,Dark Wind
588,Missouri Gabriel Plaza,Broken Base
589,Arizona Kimberly Wall,Lively Sea
590,Wyoming Hensley Run,Solitary Leaf
591,Kansas Taylor Stream,Purple Glade
592,Tennessee Webster Lock,Aged Sunset
593,South Carolina Spencer Meadows,Plain Block
594,Kansas Gross Island,Jolly Silence
595,Iowa Erik Row,Lingering Shape
596,Maryland Martin Turnpike,Weathered Leaf
597,Iowa Peterson Fords,Spring Firefly
598,Alabama Lee Ridge,Small Meadow
599,California Amy Pike,Shrill Waterfall
600,Colorado Brady Courts,Blue Wind
601,Ohio Stephanie Prairie,Floral Truth
602,Florida Jeffrey Plains,Odd Forest
603,South Dakota Gregory Shoals,Round Art
604,Tennessee Daniel Points,Icy Glitter
605,Maine Ball Fort,Sparkling Rice
606,Louisiana Dunlap Branch,Mute Pond
607,Delaware Melinda Springs,Shy Violet
608,Missouri Heather Turnpike,Gentle Hall
609,Mississippi Russell Drive,Tight Waterfall
610,West Virginia Taylor Crossing,Yellow Wood
611,South Dakota Massey Well,Delicate Poetry
612,Vermont Silva Brook,Broken Sky
613,Massachusetts Mitchell Brooks,Soft Haze
614,North Carolina Travis Land,Spring Fog
615,Montana Andrea Inlet,Shy Morning
616,Virginia Richard Cape,Mute Brook
617,Maryland Turner Bridge,Jolly Violet
618,Massachusetts Williams Squares,Little Heart
619,Missouri Martinez Junctions,Black Sun
620,Maine Jessica Rest,Wandering King
621,Wyoming Joshua Land,Blue Wind
622,Nevada Robin Crossing,Long Mountain
623,Georgia Warren Ports,Royal Band
624,Wisconsin Pittman Greens,Solitary Tooth
625,Kentucky Smith Trail,Dark Heart
626,Oklahoma Traci Centers,Proud Heart
627,Illinois Kathy Glen,Silent Feather
628,Vermont Michael Shoal,Purple Glitter
629,South Dakota Stephen Forest,Morning Scene
630,Arkansas Tristan Dale,Young Mud
631,Delaware Brenda Brooks,Lucky Block
632,South Dakota Patricia Gateway,Spring Wind
633,Pennsylvania Kimberly Shoals,Broken Waterfall
634,Idaho Suzanne Rest,Lingering Morning
635,Indiana Lauren Loaf,Dawn Glitter
636,Utah Felicia Branch,Orange Lab
637,Virginia Rosales Greens,Quiet Disk
638,Georgia Jean Via,Nameless Shadow
639,Ohio White Plains,Black Sun
640,Minnesota Christian Plaza,Cool Term
641,Missouri April Lakes,Solitary Poetry
642,Mississippi James Divide,Jolly Firefly
643,New Mexico Trevor Summit,Rough Pine
644,South Carolina Glenda Inlet,Yellow Glade
645,Missouri Laura Ferry,Fragrant Leaf
646,Oregon Rodney Fort,Sweet Sun
647,Rhode Island Briggs Well,Spring Glade
648,Tennessee Chandler Garden,Winter Sky
649,North Carolina Hess Meadow,Small Wood
650,New Mexico Higgins Valleys,Square Mode
651,Oregon Justin Branch,Solitary Wind
652,South Carolina Samantha Club,Gentle Dew
653,Michigan Vazquez Drives,Soft Feather
654,Tennessee Michelle Street,Falling Bush
655,Minnesota Ann Radial,Holy Lab
656,Maryland Duran Camp,Odd Night
657,Wisconsin Cooley Fort,Black Disk
658,Missouri Barbara Mount,Late Art
659,Nevada Christopher Fords,Divine Bird
660,Florida Laura Parkways,Long Poetry
661,Wisconsin Jason Throughway,Shiny Frog
662,Colorado Winters Views,Old River
663,California Jermaine Glens,Bold Pond
664,Ohio Mathew Harbors,Sparkling Voice
665,Florida Roberta Square,Broken Voice
666,South Dakota Dunn Dam,Restless Snowflake
667,Arkansas Johnny Mall,Lively Star
668,California Ashley Curve,Crimson Limit
669,Nebraska Cole Skyway,Shy Sea
670,Oklahoma Jay Shores,Throbbing Butterfly
671,Minnesota House Mill,Long Snowflake
672,Ohio Hunter Junctions,Noisy Mountain
673,New York Nathaniel Hills,Yellow Shape
674,Montana Lewis Port,Patient Grass
675,Alaska Ashley Camp,Withered Disk
676,Illinois Larry Grove,Rough Shadow
677,Vermont Brittany Freeway,Rapid Sea
678,Wyoming Gibson Center,Bitter Firefly
679,Delaware Edwards Dale,Icy Leaf
680,Oklahoma Lindsay Fort,Lively Violet
681,Idaho King Corner,Cool Bread
682,Indiana Chan Plaza,Broken Wildflower
683,Missouri James Throughway,Summer Firefly
684,Oregon Christina Crossing,Cool Star
685,Virginia Kimberly Station,Autumn Credit
686,Indiana Mary Field,Aged Cloud
687,South Dakota Garcia Ford,Wandering Butterfly
688,Minnesota Smith Meadow,Misty Haze
689,Idaho Martinez Viaduct,Dawn Lab
690,Delaware Gonzalez Pines,Winter Voice
691,Nebraska Pamela Ford,Red Union
692,New Hampshire Jessica Club,Restless Leaf
693,Nevada Jason Points,Lucky Pine
694,Minnesota Lori Corner,Solitary Mud
695,Vermont Long Port,Crimson Bread
696,Massachusetts Smith Turnpike,Rough Bush
697,North Dakota Crystal Forks,Super Pine
698,Connecticut White Meadows,Wild Frog
699,Virginia Courtney Throughway,Mute Term
700,New Hampshire Anne Streets,Shiny Term
701,Texas Michael Viaduct,Billowing Surf
702,Wisconsin Hines Gateway,Polished Bush
703,Kansas Crosby Ridges,Jolly Queen
704,Vermont Tracy Tunnel,Jolly Violet
705,Massachusetts Tamara Avenue,Shrill Cherry
706,Nevada Allen Crossing,Floral Mouse
707,South Dakota Cooper Turnpike,Round Block
708,Indiana Lawrence Fields,Wild Surf
709,Idaho Christina Mission,Lively Shadow
710,Missouri Brian Place,Little Haze
711,Alaska Gardner Stravenue,Quiet Paper
712,Missouri Pittman Mission,Frosty Rain
713,New York Lee Estates,Tight Truth
714,Rhode Island Matthew Mill,Icy Sky
715,Wyoming Roy Cape,Mute Poetry
716,Pennsylvania Cassidy Drives,Shiny Bird
717,Delaware Patterson Highway,Yellow King
718,North Dakota Rivera Circles,Round Poetry
719,Vermont Nicholas Hollow,Odd Scene
720,Arizona Campbell Streets,Odd Snow
721,Maryland Daniel Flat,Divine Snowflake
722,Kansas John Passage,Polished Butterfly
723,Mississippi Rita Lights,Empty Mud
724,Minnesota Eric Camp,Summer Dew
725,California Cooper Forest,Soft Thunder
726,Idaho William Hill,Gentle Bush
727,South Carolina Christopher Lane,Icy Snowflake
728,Vermont Anthony Club,Green Pine
729,Montana Buchanan Fall,Wandering Hall
730,Hawaii Huang Dam,Orange Tooth
731,Iowa Martin Inlet,Dark Dust
732,South Carolina Campbell Neck,Yellow Credit
733,New Mexico Rose Shore,Round Cherry
734,California Davis Bypass,Still Poetry
735,North Dakota Collier Trace,Empty Art
736,Montana Hartman Alley,Frosty Voice
737,New Mexico Osborn Manors,Falling Limit
738,Iowa Eric Green,Black Heart
739,Pennsylvania Johnson Forks,Black Darkness
740,Massachusetts Sharon Ports,Yellow Smoke
741,Montana Aguirre Ways,Bitter Leaf
742,Rhode Island Davidson Shoal,Odd Shadow
743,Wisconsin John Villages,Aged Bird
744,Delaware Hines Views,Throbbing Shape
745,Oklahoma Jessica Field,Small Frog
746,Georgia Wolf Harbors,Floral Mud
747,Minnesota Kimberly Lakes,Fragrant Block
748,Florida Bridges Parkway,Wild Mode
749,Kansas Edwards Square,Solitary Term
750,Oklahoma Hunt Lake,Steep Dust
751,Florida Smith Points,Young Sun
752,Indiana Sheila Trail,Red Resonance
753,Rhode Island Steven Cove,Morning Morning
754,Massachusetts Hinton Springs,Empty Sound
755,Georgia Christian Cliff,Raspy Lab
756,Delaware Lee Run,Young Art
757,Oklahoma Turner Stream,Muddy Darkness
758,North Carolina Valerie Path,Tiny Wind
759,Utah Perkins Heights,Wandering Haze
760,Florida Eugene Street,Wild Smoke
761,Utah Mckinney Haven,Fragrant Dust
762,Nevada Anthony Motorway,Long Leaf
763,Kansas Moore Tunnel,Wild Night
764,North Carolina Hardy Falls,Spring Mode
765,Alaska Flores Mission,Floral Lab
766,Arkansas Elizabeth Fords,Long Queen
767,Washington Moore Trafficway,Polished Frost
768,Arkansas Arias Shore,Bold Silence
769,Alabama Franklin Court,Twilight Thunder
770,Utah Garcia Ford,Silent Waterfall
771,Florida Renee Mountains,Empty Band
772,Wisconsin Debra Overpass,Solitary Dew
773,North Dakota Schultz Inlet,Small Art
774,Kansas Petersen Rue,Green Tooth
775,Oregon Jeff Squares,Bitter Limit
776,Vermont William Road,Lucky Bar
777,Nebraska Vanessa Points,Bitter Meadow
778,Indiana Clinton Radial,Lively Lab
779,Kentucky Young Crossing,Little Wind
780,Idaho Jamie Fields,Patient Darkness
781,Connecticut Johnson Isle,Twilight Boat
782,New Mexico Brown Passage,Snowy Sun
783,Maryland Noah Valley,Muddy Voice
784,Florida Pacheco Park,Late Queen
785,Ohio Mark Coves,Dark Firefly
786,Arizona Beltran Estate,Young Fog
787,Maine Hansen Track,Black Surf
788,Ohio Trujillo Land,Blue Limit
789,Georgia Thomas Center,Fragrant Boat
790,Maine Nathan Glen,Yellow Voice
791,Indiana Annette Ports,Bitter Base
792,South Dakota Stanton Ranch,Withered Union
793,Louisiana David Mountain,Muddy Dust
794,New Hampshire Weber Squares,Cool Smoke
795,North Dakota Hayley Mall,Noisy Water
796,Virginia Perry Street,Dawn Bird
797,Missouri Patrick Radial,Small Grass
798,California Patrick Extensions,Curly Rice
799,North Dakota Butler Lake,Dawn Base
800,Arizona Rosales Loop,Holy Recipe
801,Wyoming Horton Tunnel,Misty Scene
802,Kansas Emily Canyon,Solitary Flower
803,Maine Christopher Springs,Dawn Fog
804,Texas Davis Locks,Twilight Haze
805,Colorado Lopez Meadows,Black Bread
806,New Jersey Glover Cliff,Wild Bush
807,New York Charles Extensions,Muddy Cloud
808,Alaska Cortez Forges,Empty Pine
809,Tennessee Tyler Course,Plain Poetry
810,Louisiana Katrina Center,Dry Butterfly
811,Minnesota Hatfield Centers,Cold Heart
812,Nebraska Alex Glen,Hidden Term
813,Oklahoma Caleb Divide,Purple Shadow
814,Texas Christopher Heights,Weathered Meadow
815,Wyoming Amanda Walk,Falling King
816,Montana White Hills,Mute Pine
817,Mississippi Rodriguez Glen,Still Truth
818,Kansas Stevens Pass,White Sky
819,Virginia Foster Passage,Solitary Forest
820,Iowa Cline Shore,Snowy Flower
821,Alaska Brian Via,Round Violet
822,New Mexico Emily Streets,Rapid Moon
823,New Mexico Bridges Green,Black Pine
824,New Hampshire Houston Extensions,Nameless Breeze
825,Arizona Perez Street,Fancy Surf
826,Missouri Duran Cliff,Divine Truth
827,Texas Dawn Hills,Yellow Dawn
828,Hawaii Smith Ramp,Divine Sky
829,Florida Walter Hills,Fragrant Mouse
830,New Mexico Nicholas Springs,Lively Recipe
831,West Virginia Stephanie Park,Twilight Dream
832,Indiana Patricia Groves,Gentle Bonus
833,Kansas Heath Rapids,Falling Bird
834,New York Anderson Shoal,Small Water
835,Idaho Patricia Forks,Soft Wave
836,Georgia Virginia Brook,Proud Night
837,Colorado Yvonne Parkway,Summer Morning
838,Delaware Valerie Cliff,Yellow Limit
839,Idaho Caldwell Key,Crimson Lab
840,Tennessee Christine Squares,Blue Meadow
841,New Mexico Moore Walks,Lucky Brook
842,New Mexico George Plaza,Delicate Mode
843,Massachusetts Rose Lane,Cold Hall
844,California Alvarez Skyway,Cool Dust
845,Idaho Nguyen Burgs,Blue Salad
846,Mississippi Gibson Estate,Still Scene
847,Tennessee Stephen Rapids,Yellow Glitter
848,Connecticut Ramirez Light,Floral Cell
849,North Carolina Hughes Islands,Shrill Lake
850,Delaware Burns Crescent,Cold Meadow
851,Virginia Shawn Loop,Frosty Base
852,Tennessee Justin Mountains,Empty Tooth
853,Kansas Smith Isle,Red King
854,Pennsylvania Brittany Villages,Frosty Forest
855,South Carolina White Cliffs,Quiet Forest
856,Texas Terry Corner,Shrill Breeze
857,Utah Ann Land,Autumn Thunder
858,Kansas Tracey Square,Still Frost
859,Connecticut Gail Mount,Dry Bird
860,Hawaii Cynthia Flat,Gentle Paper
861,Alabama Hamilton Mill,Lingering Mud
862,Oregon Edward Junction,Plain Dream
863,Oregon Robert Hill,Late Dew
864,Oregon Wells Springs,Green Paper
865,New Jersey Wells Harbors,Restless Sea
866,Montana Bradley Circles,Billowing Water
867,Texas Robinson Garden,Purple Art
868,Hawaii Anthony Courts,Divine Mode
869,Georgia Andrea Road,Billowing Sunset
870,Idaho Robinson Cliffs,Super Frog
871,Kentucky Kristin Roads,Flat Pond
872,Illinois Figueroa Roads,Broken Paper
873,South Carolina Thompson Shoals,Calm King
874,Idaho Mark Gateway,Twilight Hill
875,Texas Burke Mall,Wild Credit
876,Arizona Fisher Knoll,Mute Sea
877,Maryland Oscar Circles,Green Cloud
878,Maine Kim Inlet,Crimson Butterfly
879,Wisconsin Sandra Way,Falling Truth
880,Utah Chelsea Locks,Silent Rice
881,Delaware Young Spur,Calm Tree
882,Vermont Thomas Spurs,Odd Mountain
883,Minnesota Walters Course,Billowing Hat
884,Arizona Chelsea Falls,Throbbing Mud
885,South Dakota Daniel Ridges,Young Cake
886,Wisconsin Vanessa Roads,Hidden Sun
887,Connecticut Michael Center,Wild Forest
888,Wyoming James River,Fragrant Sky
889,Tennessee Stephanie Drives,Cool Flower
890,North Carolina Howard Pine,Yellow Water
891,Colorado Roberta Wall,Rapid Grass
892,Nevada Nicole Crossing,Jolly Bread
893,Nevada Jones Squares,Sweet Grass
894,Alaska Smith Wells,Lively Unit
895,Michigan Martinez Run,Frosty Silence
896,Hawaii Brenda Prairie,White Limit
897,New York Galloway Trail,Raspy Boat
898,Oregon Luis Extensions,Young Feather
899,Washington Andrew Stravenue,Restless Bush
900,Connecticut Dana Springs,Divine Feather
901,Oregon Morris Trail,Noisy Night
902,Maine Daniel Garden,Empty Hat
903,Vermont Elizabeth Road,Green Wildflower
904,Rhode Island Bell Lodge,Shy Night
905,Alabama Laurie Drive,Dry Scene
906,Minnesota Austin Inlet,Icy Lab
907,Connecticut Sweeney Junction,Cool Unit
908,Tennessee Brian Drives,Cold Frog
909,Maryland Michael Estate,Holy Shape
910,Michigan Grant Point,Restless Credit
911,Oklahoma Roman Squares,Rough King
912,Nebraska Lara Plains,Throbbing Bush
913,Alaska Patricia Canyon,Lucky Dream
914,Illinois Brian Roads,Summer Glitter
915,Delaware Michael Centers,Noisy Recipe
916,Colorado Kelly Dam,Wild Silence
917,Iowa Bentley Run,Ancient Recipe
918,New Jersey Tucker Inlet,Orange Truth
919,Illinois Craig Overpass,Black Snow
920,Maryland Bryan Inlet,Muddy Resonance
921,South Carolina Arroyo Village,Orange Morning
922,Maine Colon Dam,Fancy Mountain
923,Montana Mary Shore,Rapid Union
924,Texas Thompson Rest,Steep Frost
925,Kansas Cohen Road,Spring Poetry
926,Louisiana Mark Course,Still Dream
927,Maryland Shaffer Street,Jolly Block
928,Alabama Anderson Square,Dry Recipe
929,Pennsylvania Avila Vista,Shy Flower
930,Mississippi Cruz Dam,Flat Dream
931,New Hampshire Mcclure Gateway,Sweet Union
932,Kansas Larry Walks,Morning Moon
933,Georgia Donald Island,Dark Cherry
934,West Virginia Jennifer Ports,Morning Paper
935,Colorado Shari Highway,Delicate Base
936,South Dakota Barton Brooks,Rough Glade
937,Mississippi Jennifer Club,Broad Night
938,Connecticut King Coves,Long Morning
939,Illinois Pamela Square,Spring Bar
940,Oregon Brown Forks,Calm Unit
941,Wyoming Carlos Pines,Rough Violet
942,Alabama Adriana Ville,Cold Heart
943,Arkansas Tucker Burg,Blue Salad
944,Rhode Island Michele Inlet,Summer Resonance
945,Missouri Michelle Cape,Royal Block
946,South Carolina Cortez Estates,Purple Tooth
947,New Jersey Thomas Valleys,Odd Star
948,Washington Tucker Plain,Shrill Poetry
949,Tennessee Nicholas Common,Broad Fire
950,Colorado Kimberly Corner,Weathered Salad
951,Colorado Michele Knoll,Long Rain
952,Hawaii Brown Glen,Divine Recipe
953,Alabama Stevens Hills,Throbbing Wave
954,Pennsylvania Karen Inlet,Aged Surf
955,Texas Reeves Pine,Divine Tooth
956,New Jersey English Estate,Wispy Lake
957,Maryland Richard Spur,Late Queen
958,Illinois Nguyen Islands,White Frog
959,Missouri Morris Walks,Lively Wood
960,New Mexico Tran Station,Tight Tree
961,North Dakota Schneider Locks,Gentle Mode
962,Virginia Hale Flats,Snowy Hill
963,Alaska Sanchez Harbor,Silent Salad
964,Maine Jones Isle,Plain Water
965,Idaho Rodriguez Cliff,Steep Cake
966,Virginia Craig Land,Super Unit
967,South Dakota Miller Burg,Steep Pine
968,Kansas Philip Valleys,Fragrant Sound
969,Louisiana Wilson Lane,Winter Fire
970,Missouri Carlson Viaduct,Bitter Resonance
971,Florida Fritz Center,Ancient Cloud
972,Alaska Zachary Rapids,Silent Forest
973,Delaware Erica Courts,Royal Sea
974,Maine Sara Land,Withered Art
975,Oklahoma Michelle Roads,Twilight Block
976,Wyoming Anthony Route,Quiet Tooth
977,Nebraska Juarez Greens,Delicate Sky
978,New Mexico Ramirez Mountain,Jolly Cell
979,Hawaii Marshall Mountain,Little Breeze
980,Mississippi Maria Spring,Delicate Voice
981,Nebraska Tate Dale,Polished Hat
982,Louisiana Allison Isle,Silent Lake
983,Wisconsin Mark Spur,Cold Boat
984,New York Guzman Cliff,Silent Wildflower
985,New Jersey Theresa Wells,Dry Breeze
986,Missouri Alexis Glen,Winter Rain
987,Hawaii Davis Shore,Billowing Tooth
988,Maine Diaz Gateway,Fancy Frog
989,Florida Stephanie Lodge,Summer Unit
990,Idaho Amanda Dam,Green Wildflower
991,Wisconsin Leon Mill,Plain Meadow
992,Alaska John Spring,Soft Water
993,Montana Daniel Key,Solitary Dust
994,Florida Ramirez Drive,Orange Recipe
995,Mississippi Bianca Canyon,Sweet Night
996,Kentucky Rodriguez Alley,Nameless Glitter
997,South Dakota Jensen Meadow,Long Mouse
998,Virginia Matthew Forge,Snowy Haze
999,Kansas Vanessa Island,Long Bread