9,1,https://www.lorempixel.com/819/598
71,1,https://dummyimage.com/574x74
128,1,https://placeimg.com/146/563/any
238,1,https://www.lorempixel.com/892/104
252,1,https://placeholdit.imgix.net/~text?txtsize=55&txt=407x295&w=407&h=295
338,1,https://placeholdit.imgix.net/~text?txtsize=55&txt=306x467&w=306&h=467
348,1,https://placekitten.com/193/248
522,1,https://dummyimage.com/317x892
538,1,https://placeholdit.imgix.net/~text?txtsize=55&txt=324x649&w=324&h=649
549,1,https://www.lorempixel.com/381/114
898,1,https://placeimg.com/451/139/any
10,2,https://placeholdit.imgix.net/~text?txtsize=55&txt=874x322&w=874&h=322
288,2,https://placeholdit.imgix.net/~text?txtsize=55&txt=686x522&w=686&h=522
330,2,https://dummyimage.com/593x882
468,2,https://placeimg.com/965/52/any
473,2,https://dummyimage.com/730x954
589,2,https://placekitten.com/925/621
599,2,https://placeholdit.imgix.net/~text?txtsize=55&txt=769x108&w=769&h=108
751,2,https://www.lorempixel.com/621/90
866,2,https://placeimg.com/368/846/any
316,3,https://placeimg.com/809/874/any
513,3,https://placeimg.com/820/396/any
526,3,https://dummyimage.com/691x94
713,3,https://www.lorempixel.com/555/4
831,3,https://dummyimage.com/425x172
914,3,https://placeholdit.imgix.net/~text?txtsize=55&txt=302x102&w=302&h=102
960,3,https://www.lorempixel.com/890/593
963,3,https://dummyimage.com/485x1022
5,4,https://www.lorempixel.com/840/445
12,4,https://dummyimage.com/99x711
34,4,https://placeimg.com/556/537/any
156,4,https://placeholdit.imgix.net/~text?txtsize=55&txt=771x40&w=771&h=40
201,4,https://placekitten.com/190/189
273,4,https://www.lorempixel.com/185/927
305,4,https://placeimg.com/419/599/any
472,4,https://dummyimage.com/955x521
579,4,https://placeholdit.imgix.net/~text?txtsize=55&txt=576x164&w=576&h=164
772,4,https://dummyimage.com/897x852
6,5,https://placeholdit.imgix.net/~text?txtsize=55&txt=546x575&w=546&h=575
79,5,https://www.lorempixel.com/568/43
233,5,https://dummyimage.com/988x499
295,5,https://dummyimage.com/747x477
520,5,https://placeholdit.imgix.net/~text?txtsize=55&txt=754x351&w=754&h=351
615,5,https://dummyimage.com/852x534
664,5,https://placeholdit.imgix.net/~text?txtsize=55&txt=667x900&w=667&h=900
860,5,https://placekitten.com/452/612
904,5,https://placeholdit.imgix.net/~text?txtsize=55&txt=99x755&w=99&h=755
25,6,https://www.lorempixel.com/348/137
45,6,https://placeimg.com/522/72/any
61,6,https://placekitten.com/746/819
150,6,https://placekitten.com/650/846
164,6,https://placeholdit.imgix.net/~text?txtsize=55&txt=677x609&w=677&h=609
218,6,https://www.lorempixel.com/1007/391
401,6,https://www.lorempixel.com/542/517
492,6,https://placeholdit.imgix.net/~text?txtsize=55&txt=367x610&w=367&h=610
968,6,https://placeimg.com/352/119/any
31,7,https://dummyimage.com/38x643
190,7,https://placekitten.com/482/990
219,7,https://placeimg.com/179/179/any
363,7,https://www.lorempixel.com/410/834
384,7,https://placeholdit.imgix.net/~text?txtsize=55&txt=823x60&w=823&h=60
385,7,https://www.lorempixel.com/55/213
583,7,https://dummyimage.com/497x394
591,7,https://dummyimage.com/844x574
835,7,https://placeholdit.imgix.net/~text?txtsize=55&txt=539x683&w=539&h=683
998,7,https://placeimg.com/400/397/any
42,8,https://www.lorempixel.com/478/145
52,8,https://placekitten.com/427/575
58,8,https://placeholdit.imgix.net/~text?txtsize=55&txt=585x689&w=585&h=689
308,8,https://placeimg.com/320/136/any
373,8,https://www.lorempixel.com/527/172
414,8,https://placeimg.com/967/848/any
425,8,https://dummyimage.com/242x800
453,8,https://dummyimage.com/292x910
484,8,https://placekitten.com/652/601
544,8,https://placekitten.com/549/578
913,8,https://dummyimage.com/44x630
57,9,https://placekitten.com/721/845
125,9,https://placeholdit.imgix.net/~text?txtsize=55&txt=325x306&w=325&h=306
127,9,https://placekitten.com/605/742
220,9,https://www.lorempixel.com/795/328
574,9,https://www.lorempixel.com/793/231
582,9,https://placeimg.com/718/907/any
662,9,https://www.lorempixel.com/477/200
717,9,https://dummyimage.com/384x768
852,9,https://placekitten.com/680/816
879,9,https://placeholdit.imgix.net/~text?txtsize=55&txt=850x284&w=850&h=284
179,10,https://placekitten.com/188/365
258,10,https://www.lorempixel.com/382/485
437,10,https://dummyimage.com/850x273
482,10,https://placeimg.com/592/754/any
548,10,https://www.lorempixel.com/339/529
696,11,https://dummyimage.com/517x208
700,11,https://www.lorempixel.com/511/734
937,11,https://placekitten.com/766/674
944,11,https://placekitten.com/221/625
7,12,https://www.lorempixel.com/765/819
310,12,https://www.lorempixel.com/247/766
333,12,https://placekitten.com/421/381
479,12,https://dummyimage.com/539x448
512,12,https://placeimg.com/602/844/any
43,13,https://www.lorempixel.com/843/799
106,13,https://dummyimage.com/306x466
251,13,https://placeholdit.imgix.net/~text?txtsize=55&txt=918x257&w=918&h=257
322,13,https://dummyimage.com/735x116
517,13,https://dummyimage.com/993x647
909,13,https://placeimg.com/413/658/any
169,14,https://www.lorempixel.com/331/893
257,14,https://placeimg.com/660/31/any
277,14,https://www.lorempixel.com/669/926
287,14,https://placekitten.com/144/268
587,14,https://placekitten.com/562/909
646,14,https://dummyimage.com/544x822
684,14,https://placeimg.com/670/511/any
688,14,https://placeholdit.imgix.net/~text?txtsize=55&txt=567x792&w=567&h=792
883,14,https://placekitten.com/169/614
938,14,https://www.lorempixel.com/161/728
979,14,https://placeholdit.imgix.net/~text?txtsize=55&txt=671x558&w=671&h=558
51,15,https://placekitten.com/156/847
86,15,https://dummyimage.com/822x422
113,15,https://placeimg.com/337/930/any
145,15,https://placeholdit.imgix.net/~text?txtsize=55&txt=754x459&w=754&h=459
200,15,https://placekitten.com/481/587
234,15,https://dummyimage.com/641x80
371,15,https://placekitten.com/342/122
547,15,https://dummyimage.com/570x708
557,15,https://www.lorempixel.com/803/230
675,15,https://dummyimage.com/1022x610
761,15,https://placekitten.com/492/516
55,16,https://placeholdit.imgix.net/~text?txtsize=55&txt=592x301&w=592&h=301
261,16,https://placeholdit.imgix.net/~text?txtsize=55&txt=51x399&w=51&h=399
500,16,https://www.lorempixel.com/361/916
545,16,https://placekitten.com/763/594
609,16,https://placeholdit.imgix.net/~text?txtsize=55&txt=50x731&w=50&h=731
749,16,https://dummyimage.com/821x335
876,16,https://dummyimage.com/266x150
108,17,https://placekitten.com/587/739
246,17,https://www.lorempixel.com/542/65
260,17,https://www.lorempixel.com/984/424
346,17,https://dummyimage.com/898x541
714,17,https://placekitten.com/782/604
716,17,https://placekitten.com/307/529
842,17,https://dummyimage.com/629x155
993,17,https://dummyimage.com/903x406
182,18,https://placekitten.com/73/545
427,18,https://placeholdit.imgix.net/~text?txtsize=55&txt=157x125&w=157&h=125
651,18,https://placeimg.com/616/1019/any
712,18,https://placekitten.com/138/490
738,18,https://placeimg.com/665/211/any
818,18,https://placeholdit.imgix.net/~text?txtsize=55&txt=942x470&w=942&h=470
897,18,https://dummyimage.com/1020x642
981,18,https://placeimg.com/510/601/any
138,19,https://www.lorempixel.com/945/567
161,19,https://www.lorempixel.com/1005/258
221,19,https://www.lorempixel.com/977/566
336,19,https://placeholdit.imgix.net/~text?txtsize=55&txt=931x174&w=931&h=174
446,19,https://placeholdit.imgix.net/~text?txtsize=55&txt=749x101&w=749&h=101
541,19,https://placeholdit.imgix.net/~text?txtsize=55&txt=595x806&w=595&h=806
563,19,https://www.lorempixel.com/369/775
693,19,https://dummyimage.com/223x70
786,19,https://www.lorempixel.com/398/118
865,19,https://placekitten.com/349/1011
974,19,https://placeimg.com/857/25/any
107,20,https://placekitten.com/128/961
299,20,https://dummyimage.com/55x2
435,20,https://dummyimage.com/167x607
571,20,https://www.lorempixel.com/380/918
603,20,https://placekitten.com/919/776
745,20,https://placeimg.com/509/551/any
795,20,https://placekitten.com/195/469
838,20,https://placeholdit.imgix.net/~text?txtsize=55&txt=980x975&w=980&h=975
269,21,https://www.lorempixel.com/874/199
361,21,https://dummyimage.com/88x599
529,21,https://placeimg.com/36/273/any
920,21,https://www.lorempixel.com/473/733
995,21,https://dummyimage.com/596x962
997,21,https://www.lorempixel.com/967/709
28,22,https://www.lorempixel.com/615/389
117,22,https://placeholdit.imgix.net/~text?txtsize=55&txt=95x718&w=95&h=718
240,22,https://placeholdit.imgix.net/~text?txtsize=55&txt=420x801&w=420&h=801
556,22,https://www.lorempixel.com/287/407
566,22,https://www.lorempixel.com/263/925
610,22,https://placeimg.com/333/165/any
711,22,https://placekitten.com/79/983
763,22,https://www.lorempixel.com/474/903
853,22,https://dummyimage.com/287x698
213,23,https://placeholdit.imgix.net/~text?txtsize=55&txt=854x758&w=854&h=758
856,23,https://placeholdit.imgix.net/~text?txtsize=55&txt=233x847&w=233&h=847
910,23,https://placeholdit.imgix.net/~text?txtsize=55&txt=296x299&w=296&h=299
959,23,https://placeholdit.imgix.net/~text?txtsize=55&txt=979x549&w=979&h=549
146,24,https://placeimg.com/733/600/any
183,24,https://dummyimage.com/420x993
205,24,https://placeholdit.imgix.net/~text?txtsize=55&txt=155x453&w=155&h=453
248,24,https://placeholdit.imgix.net/~text?txtsize=55&txt=887x315&w=887&h=315
254,24,https://www.lorempixel.com/278/680
314,24,https://placeimg.com/568/824/any
323,24,https://placeholdit.imgix.net/~text?txtsize=55&txt=780x591&w=780&h=591
341,24,https://placekitten.com/423/881
634,24,https://www.lorempixel.com/644/973
496,25,https://placeholdit.imgix.net/~text?txtsize=55&txt=220x271&w=220&h=271
510,25,https://placeholdit.imgix.net/~text?txtsize=55&txt=544x343&w=544&h=343
640,25,https://dummyimage.com/1000x529
754,25,https://placekitten.com/426/327
874,25,https://placekitten.com/740/667
884,25,https://placeholdit.imgix.net/~text?txtsize=55&txt=866x760&w=866&h=760
956,25,https://www.lorempixel.com/674/46
85,26,https://dummyimage.com/903x348
174,26,https://placeholdit.imgix.net/~text?txtsize=55&txt=769x88&w=769&h=88
265,26,https://dummyimage.com/954x611
290,26,https://dummyimage.com/8x8
391,26,https://www.lorempixel.com/841/852
985,26,https://placeimg.com/781/778/any
101,27,https://placeimg.com/505/464/any
168,27,https://placeimg.com/766/106/any
398,27,https://placeimg.com/688/159/any
594,27,https://www.lorempixel.com/74/315
740,27,https://placekitten.com/601/614
768,27,https://placekitten.com/136/156
822,27,https://placekitten.com/171/491
67,28,https://dummyimage.com/110x769
93,28,https://placeholdit.imgix.net/~text?txtsize=55&txt=298x151&w=298&h=151
132,28,https://placeholdit.imgix.net/~text?txtsize=55&txt=46x903&w=46&h=903
294,28,https://placekitten.com/704/204
602,28,https://www.lorempixel.com/228/159
666,28,https://placekitten.com/534/808
767,28,https://placeholdit.imgix.net/~text?txtsize=55&txt=335x888&w=335&h=888
803,28,https://placeimg.com/1018/681/any
902,28,https://placekitten.com/422/254
929,28,https://www.lorempixel.com/604/388
930,28,https://placekitten.com/104/888
32,29,https://dummyimage.com/258x772
38,29,https://placeholdit.imgix.net/~text?txtsize=55&txt=903x390&w=903&h=390
68,29,https://dummyimage.com/379x824
77,29,https://www.lorempixel.com/807/233
262,29,https://placeimg.com/244/824/any
292,29,https://www.lorempixel.com/333/496
456,29,https://placeholdit.imgix.net/~text?txtsize=55&txt=311x419&w=311&h=419
518,29,https://www.lorempixel.com/522/120
569,29,https://placeimg.com/915/293/any
686,29,https://placekitten.com/900/261
725,29,https://placekitten.com/725/590
871,29,https://placekitten.com/157/436
875,29,https://placeholdit.imgix.net/~text?txtsize=55&txt=917x12&w=917&h=12
136,30,https://www.lorempixel.com/316/729
264,30,https://placekitten.com/579/316
300,30,https://placekitten.com/105/405
320,30,https://www.lorempixel.com/1004/641
433,30,https://placekitten.com/323/545
463,30,https://www.lorempixel.com/1000/679
578,30,https://placeimg.com/871/106/any
621,30,https://placeholdit.imgix.net/~text?txtsize=55&txt=296x215&w=296&h=215
766,30,https://placeimg.com/407/794/any
964,30,https://placeholdit.imgix.net/~text?txtsize=55&txt=518x555&w=518&h=555
27,31,https://www.lorempixel.com/728/557
87,31,https://www.lorempixel.com/16/837
459,31,https://www.lorempixel.com/719/468
490,31,https://placeimg.com/756/422/any
553,31,https://dummyimage.com/322x849
560,31,https://placekitten.com/184/880
654,31,https://placekitten.com/900/355
715,31,https://placekitten.com/303/976
719,31,https://placeimg.com/487/57/any
724,31,https://placeimg.com/131/251/any
862,31,https://www.lorempixel.com/124/34
222,32,https://dummyimage.com/392x795
353,32,https://dummyimage.com/127x474
575,32,https://placeholdit.imgix.net/~text?txtsize=55&txt=657x1&w=657&h=1
667,32,https://placeimg.com/543/152/any
723,32,https://placeimg.com/203/692/any
815,32,https://dummyimage.com/980x57
881,32,https://www.lorempixel.com/79/646
917,32,https://placeholdit.imgix.net/~text?txtsize=55&txt=889x814&w=889&h=814
44,33,https://placeimg.com/843/581/any
59,33,https://www.lorempixel.com/770/385
60,33,https://placeimg.com/743/583/any
235,33,https://dummyimage.com/831x149
372,33,https://www.lorempixel.com/675/881
467,33,https://dummyimage.com/858x967
779,33,https://www.lorempixel.com/203/360
780,33,https://placeholdit.imgix.net/~text?txtsize=55&txt=809x1010&w=809&h=1010
926,33,https://www.lorempixel.com/807/801
41,34,https://placeimg.com/1010/224/any
411,34,https://dummyimage.com/698x174
495,34,https://www.lorempixel.com/109/571
502,34,https://placekitten.com/584/623
726,34,https://placeholdit.imgix.net/~text?txtsize=55&txt=742x392&w=742&h=392
873,34,https://placeholdit.imgix.net/~text?txtsize=55&txt=797x1006&w=797&h=1006
112,35,https://placeimg.com/670/867/any
198,35,https://placeimg.com/922/942/any
334,35,https://www.lorempixel.com/763/682
358,35,https://placekitten.com/815/341
360,35,https://www.lorempixel.com/837/678
402,35,https://placekitten.com/784/986
543,35,https://dummyimage.com/557x180
901,35,https://placekitten.com/186/640
912,35,https://placeimg.com/750/484/any
940,35,https://placekitten.com/420/17
56,36,https://placekitten.com/192/727
417,36,https://placekitten.com/401/705
454,36,https://www.lorempixel.com/0/1
507,36,https://www.lorempixel.com/287/604
730,36,https://www.lorempixel.com/369/735
48,37,https://www.lorempixel.com/180/51
306,37,https://placeholdit.imgix.net/~text?txtsize=55&txt=779x903&w=779&h=903
307,37,https://www.lorempixel.com/882/947
540,37,https://www.lorempixel.com/770/686
581,37,https://placekitten.com/331/738
593,37,https://placekitten.com/307/757
806,37,https://placeimg.com/705/974/any
144,38,https://www.lorempixel.com/382/100
157,38,https://placeimg.com/207/76/any
607,38,https://placeimg.com/324/704/any
732,38,https://placeholdit.imgix.net/~text?txtsize=55&txt=349x887&w=349&h=887
970,38,https://placeholdit.imgix.net/~text?txtsize=55&txt=695x236&w=695&h=236
250,39,https://www.lorempixel.com/127/93
270,39,https://www.lorempixel.com/699/848
275,39,https://placeholdit.imgix.net/~text?txtsize=55&txt=795x92&w=795&h=92
410,39,https://www.lorempixel.com/130/838
436,39,https://placeimg.com/807/193/any
690,39,https://www.lorempixel.com/243/599
764,39,https://www.lorempixel.com/553/72
13,40,https://dummyimage.com/29x875
46,40,https://www.lorempixel.com/601/1007
438,40,https://placekitten.com/891/470
597,40,https://placeholdit.imgix.net/~text?txtsize=55&txt=437x779&w=437&h=779
605,40,https://placekitten.com/856/441
841,40,https://placekitten.com/110/384
986,40,https://placeimg.com/870/981/any
131,41,https://placeholdit.imgix.net/~text?txtsize=55&txt=1018x163&w=1018&h=163
163,41,https://placekitten.com/582/754
236,41,https://placeimg.com/580/514/any
606,41,https://dummyimage.com/855x584
828,41,https://www.lorempixel.com/642/1022
934,41,https://placeholdit.imgix.net/~text?txtsize=55&txt=152x632&w=152&h=632
988,41,https://dummyimage.com/826x822
37,42,https://dummyimage.com/542x989
95,42,https://www.lorempixel.com/290/927
464,42,https://placeholdit.imgix.net/~text?txtsize=55&txt=883x811&w=883&h=811
858,42,https://placekitten.com/98/195
942,42,https://www.lorempixel.com/377/172
153,43,https://www.lorempixel.com/247/206
160,43,https://placekitten.com/19/387
210,43,https://dummyimage.com/756x1004
466,43,https://www.lorempixel.com/785/470
601,43,https://www.lorempixel.com/199/573
669,43,https://dummyimage.com/493x184
906,43,https://placeimg.com/570/118/any
976,43,https://placeholdit.imgix.net/~text?txtsize=55&txt=722x6&w=722&h=6
35,44,https://placekitten.com/81/319
192,44,https://www.lorempixel.com/166/237
515,44,https://placeholdit.imgix.net/~text?txtsize=55&txt=555x500&w=555&h=500
530,44,https://www.lorempixel.com/908/680
737,44,https://placeimg.com/622/630/any
777,44,https://www.lorempixel.com/125/911
788,44,https://dummyimage.com/362x530
953,44,https://placeimg.com/513/788/any
116,45,https://placekitten.com/820/1014
175,45,https://www.lorempixel.com/669/516
212,45,https://placekitten.com/26/436
253,45,https://placeimg.com/677/818/any
350,45,https://www.lorempixel.com/129/299
380,45,https://www.lorempixel.com/319/861
409,45,https://www.lorempixel.com/721/272
681,45,https://placekitten.com/188/477
689,45,https://www.lorempixel.com/76/13
699,45,https://placeimg.com/535/501/any
72,46,https://placekitten.com/871/499
204,46,https://placekitten.com/733/457
237,46,https://www.lorempixel.com/408/997
443,46,https://placeimg.com/693/54/any
465,46,https://placekitten.com/211/916
485,46,https://www.lorempixel.com/949/99
494,46,https://placekitten.com/354/1020
592,46,https://dummyimage.com/60x556
665,46,https://www.lorempixel.com/24/420
718,46,https://placeholdit.imgix.net/~text?txtsize=55&txt=538x122&w=538&h=122
836,46,https://www.lorempixel.com/326/388
426,47,https://dummyimage.com/705x286
625,47,https://placeholdit.imgix.net/~text?txtsize=55&txt=401x817&w=401&h=817
659,47,https://placeholdit.imgix.net/~text?txtsize=55&txt=902x545&w=902&h=545
792,47,https://dummyimage.com/613x566
103,48,https://www.lorempixel.com/825/832
119,48,https://www.lorempixel.com/1018/338
271,48,https://placeimg.com/164/411/any
311,48,https://placeholdit.imgix.net/~text?txtsize=55&txt=1015x431&w=1015&h=431
585,48,https://placeholdit.imgix.net/~text?txtsize=55&txt=104x779&w=104&h=779
627,48,https://dummyimage.com/71x240
791,48,https://placeholdit.imgix.net/~text?txtsize=55&txt=146x496&w=146&h=496
834,48,https://placekitten.com/304/585
843,48,https://dummyimage.com/613x974
17,49,https://dummyimage.com/523x832
92,49,https://dummyimage.com/622x556
152,49,https://dummyimage.com/750x406
523,49,https://placekitten.com/501/418
631,49,https://www.lorempixel.com/259/553
957,49,https://placeholdit.imgix.net/~text?txtsize=55&txt=666x781&w=666&h=781
90,50,https://placeholdit.imgix.net/~text?txtsize=55&txt=758x564&w=758&h=564
100,50,https://placeimg.com/878/957/any
383,50,https://placeholdit.imgix.net/~text?txtsize=55&txt=367x102&w=367&h=102
441,50,https://placeholdit.imgix.net/~text?txtsize=55&txt=164x269&w=164&h=269
451,50,https://placekitten.com/1008/774
880,50,https://www.lorempixel.com/475/488
639,51,https://placekitten.com/118/212
674,51,https://dummyimage.com/87x213
74,52,https://www.lorempixel.com/710/583
673,52,https://dummyimage.com/854x192
694,52,https://placeimg.com/255/342/any
695,52,https://placeholdit.imgix.net/~text?txtsize=55&txt=994x971&w=994&h=971
704,52,https://dummyimage.com/539x135
76,53,https://placeholdit.imgix.net/~text?txtsize=55&txt=912x525&w=912&h=525
429,53,https://placeholdit.imgix.net/~text?txtsize=55&txt=312x27&w=312&h=27
619,53,https://dummyimage.com/31x871
663,53,https://placekitten.com/456/423
697,53,https://www.lorempixel.com/826/919
943,53,https://placekitten.com/813/744
984,53,https://placekitten.com/770/435
325,54,https://www.lorempixel.com/708/16
347,54,https://placekitten.com/884/754
524,54,https://www.lorempixel.com/762/525
573,54,https://placeholdit.imgix.net/~text?txtsize=55&txt=142x760&w=142&h=760
638,54,https://www.lorempixel.com/321/357
915,54,https://placeholdit.imgix.net/~text?txtsize=55&txt=988x815&w=988&h=815
928,54,https://placeholdit.imgix.net/~text?txtsize=55&txt=231x683&w=231&h=683
18,55,https://dummyimage.com/154x886
165,55,https://www.lorempixel.com/958/89
381,55,https://www.lorempixel.com/554/896
386,55,https://placeimg.com/183/863/any
672,55,https://placekitten.com/897/515
692,55,https://placekitten.com/966/385
709,55,https://placekitten.com/619/924
739,55,https://placekitten.com/17/977
891,55,https://www.lorempixel.com/954/463
33,56,https://placeholdit.imgix.net/~text?txtsize=55&txt=903x485&w=903&h=485
99,56,https://placeholdit.imgix.net/~text?txtsize=55&txt=648x93&w=648&h=93
129,56,https://www.lorempixel.com/191/12
196,56,https://placeimg.com/372/181/any
286,56,https://placeholdit.imgix.net/~text?txtsize=55&txt=547x977&w=547&h=977
301,56,https://www.lorempixel.com/564/431
317,56,https://placeholdit.imgix.net/~text?txtsize=55&txt=252x738&w=252&h=738
331,56,https://placeimg.com/435/674/any
362,56,https://placekitten.com/118/546
389,56,https://placekitten.com/372/864
514,56,https://placekitten.com/813/201
596,56,https://placeimg.com/946/521/any
743,56,https://www.lorempixel.com/674/323
785,56,https://placeimg.com/618/457/any
811,56,https://www.lorempixel.com/757/189
832,56,https://www.lorempixel.com/279/173
840,56,https://www.lorempixel.com/391/221
21,57,https://dummyimage.com/446x429
226,57,https://placekitten.com/254/858
268,57,https://www.lorempixel.com/896/961
395,57,https://www.lorempixel.com/629/445
423,57,https://placeimg.com/74/764/any
434,57,https://dummyimage.com/724x88
622,57,https://www.lorempixel.com/196/686
819,57,https://www.lorempixel.com/566/405
933,57,https://dummyimage.com/715x377
962,57,https://placekitten.com/589/23
94,58,https://placeimg.com/154/739/any
217,58,https://placeimg.com/260/712/any
405,58,https://placeholdit.imgix.net/~text?txtsize=55&txt=698x69&w=698&h=69
408,58,https://placeimg.com/689/764/any
584,58,https://dummyimage.com/77x994
620,58,https://placeimg.com/589/626/any
657,58,https://www.lorempixel.com/973/763
721,58,https://placeholdit.imgix.net/~text?txtsize=55&txt=550x616&w=550&h=616
755,58,https://placeholdit.imgix.net/~text?txtsize=55&txt=313x692&w=313&h=692
172,59,https://dummyimage.com/395x737
283,59,https://placeholdit.imgix.net/~text?txtsize=55&txt=434x462&w=434&h=462
378,59,https://placeimg.com/310/564/any
613,59,https://www.lorempixel.com/371/128
830,59,https://placeimg.com/880/23/any
895,59,https://placekitten.com/299/51
932,59,https://dummyimage.com/848x684
951,59,https://placeimg.com/777/52/any
14,60,https://www.lorempixel.com/309/599
177,60,https://dummyimage.com/382x139
397,60,https://placekitten.com/81/796
424,60,https://placekitten.com/208/676
458,60,https://placeholdit.imgix.net/~text?txtsize=55&txt=382x262&w=382&h=262
501,60,https://www.lorempixel.com/47/43
519,60,https://placeholdit.imgix.net/~text?txtsize=55&txt=285x1021&w=285&h=1021
629,60,https://www.lorempixel.com/314/789
778,60,https://placeholdit.imgix.net/~text?txtsize=55&txt=7x188&w=7&h=188
824,60,https://placeholdit.imgix.net/~text?txtsize=55&txt=609x218&w=609&h=218
867,60,https://placeholdit.imgix.net/~text?txtsize=55&txt=689x139&w=689&h=139
147,61,https://placekitten.com/345/343
207,61,https://dummyimage.com/939x202
489,61,https://dummyimage.com/130x119
760,61,https://dummyimage.com/17x906
890,61,https://placekitten.com/258/942
925,61,https://placeimg.com/300/388/any
982,61,https://dummyimage.com/402x553
26,62,https://dummyimage.com/708x75
82,62,https://www.lorempixel.com/609/259
178,62,https://dummyimage.com/674x105
608,62,https://placekitten.com/260/884
774,62,https://dummyimage.com/65x200
809,62,https://placeholdit.imgix.net/~text?txtsize=55&txt=453x725&w=453&h=725
104,63,https://placeimg.com/902/187/any
139,63,https://placekitten.com/611/708
298,63,https://dummyimage.com/581x412
478,63,https://www.lorempixel.com/108/547
562,63,https://placeimg.com/324/682/any
701,63,https://dummyimage.com/833x552
837,63,https://dummyimage.com/741x163
23,64,https://placeholdit.imgix.net/~text?txtsize=55&txt=112x998&w=112&h=998
120,64,https://placeholdit.imgix.net/~text?txtsize=55&txt=714x726&w=714&h=726
302,64,https://placekitten.com/572/584
493,64,https://placekitten.com/280/27
550,64,https://placekitten.com/739/28
935,64,https://placekitten.com/410/491
8,65,https://dummyimage.com/755x247
39,65,https://dummyimage.com/732x533
114,65,https://dummyimage.com/315x758
118,65,https://placekitten.com/957/351
215,65,https://placeholdit.imgix.net/~text?txtsize=55&txt=554x871&w=554&h=871
276,65,https://placeimg.com/1016/864/any
369,65,https://placekitten.com/964/4
497,65,https://placeholdit.imgix.net/~text?txtsize=55&txt=811x371&w=811&h=371
532,65,https://www.lorempixel.com/313/509
680,65,https://dummyimage.com/370x611
720,65,https://placeimg.com/357/13/any
971,65,https://dummyimage.com/59x746
469,66,https://dummyimage.com/1024x960
577,66,https://placekitten.com/511/468
807,66,https://placeholdit.imgix.net/~text?txtsize=55&txt=664x693&w=664&h=693
911,66,https://dummyimage.com/660x879
975,66,https://placeholdit.imgix.net/~text?txtsize=55&txt=448x945&w=448&h=945
11,67,https://placeholdit.imgix.net/~text?txtsize=55&txt=873x400&w=873&h=400
191,67,https://placeimg.com/101/647/any
223,67,https://placeholdit.imgix.net/~text?txtsize=55&txt=177x283&w=177&h=283
328,67,https://www.lorempixel.com/567/491
356,67,https://placekitten.com/213/990
636,67,https://www.lorempixel.com/508/485
727,67,https://placeimg.com/147/459/any
775,67,https://placekitten.com/273/390
784,67,https://dummyimage.com/595x835
798,67,https://www.lorempixel.com/466/345
29,68,https://placeholdit.imgix.net/~text?txtsize=55&txt=11x52&w=11&h=52
202,68,https://www.lorempixel.com/304/698
228,68,https://placeholdit.imgix.net/~text?txtsize=55&txt=621x623&w=621&h=623
318,68,https://www.lorempixel.com/621/989
327,68,https://placeimg.com/865/941/any
337,68,https://www.lorempixel.com/284/453
491,68,https://placekitten.com/899/33
653,68,https://dummyimage.com/981x692
64,69,https://www.lorempixel.com/853/74
232,69,https://placeimg.com/986/261/any
339,69,https://placeholdit.imgix.net/~text?txtsize=55&txt=803x1021&w=803&h=1021
368,69,https://placeholdit.imgix.net/~text?txtsize=55&txt=913x659&w=913&h=659
498,69,https://placeimg.com/52/633/any
564,69,https://dummyimage.com/373x692
652,69,https://placekitten.com/332/930
878,69,https://placekitten.com/854/43
983,69,https://placekitten.com/311/754
105,70,https://placeholdit.imgix.net/~text?txtsize=55&txt=67x882&w=67&h=882
126,70,https://dummyimage.com/412x144
148,70,https://placekitten.com/905/143
171,70,https://placeholdit.imgix.net/~text?txtsize=55&txt=340x773&w=340&h=773
185,70,https://placeimg.com/189/826/any
188,70,https://placekitten.com/333/289
194,70,https://dummyimage.com/991x223
224,70,https://placekitten.com/403/356
231,70,https://dummyimage.com/658x5
281,70,https://placeholdit.imgix.net/~text?txtsize=55&txt=1007x61&w=1007&h=61
416,70,https://placeholdit.imgix.net/~text?txtsize=55&txt=421x400&w=421&h=400
420,70,https://dummyimage.com/442x571
533,70,https://placeholdit.imgix.net/~text?txtsize=55&txt=153x948&w=153&h=948
923,70,https://www.lorempixel.com/10/232
149,71,https://placekitten.com/936/235
559,71,https://placekitten.com/758/420
586,71,https://dummyimage.com/778x338
611,71,https://placeimg.com/568/806/any
624,71,https://dummyimage.com/23x397
855,71,https://dummyimage.com/943x659
969,71,https://placekitten.com/444/676
84,72,https://placekitten.com/95/789
115,72,https://www.lorempixel.com/916/153
137,72,https://placekitten.com/958/476
324,72,https://dummyimage.com/227x71
450,72,https://dummyimage.com/48x247
655,72,https://www.lorempixel.com/528/940
668,72,https://placeholdit.imgix.net/~text?txtsize=55&txt=979x906&w=979&h=906
678,72,https://placekitten.com/514/416
736,72,https://placekitten.com/888/251
994,72,https://dummyimage.com/594x120
143,73,https://placekitten.com/89/57
885,73,https://placeimg.com/773/219/any
886,73,https://dummyimage.com/621x838
2,74,https://dummyimage.com/190x485
54,74,https://placekitten.com/581/123
195,74,https://www.lorempixel.com/607/932
206,74,https://www.lorempixel.com/554/679
242,74,https://placekitten.com/603/933
432,74,https://placeholdit.imgix.net/~text?txtsize=55&txt=811x556&w=811&h=556
650,74,https://placekitten.com/489/93
656,74,https://www.lorempixel.com/568/645
702,74,https://dummyimage.com/537x766
817,74,https://placeholdit.imgix.net/~text?txtsize=55&txt=964x1010&w=964&h=1010
919,74,https://placekitten.com/122/911
88,75,https://placeimg.com/664/396/any
133,75,https://www.lorempixel.com/511/198
272,75,https://placekitten.com/80/717
399,75,https://dummyimage.com/1005x216
480,75,https://placekitten.com/996/898
552,75,https://dummyimage.com/18x10
604,75,https://placeholdit.imgix.net/~text?txtsize=55&txt=449x934&w=449&h=934
617,75,https://www.lorempixel.com/261/116
773,75,https://placeimg.com/803/188/any
850,75,https://placeimg.com/176/763/any
961,75,https://placekitten.com/325/596
990,75,https://dummyimage.com/350x710
30,76,https://www.lorempixel.com/484/211
49,76,https://placekitten.com/569/443
62,76,https://placekitten.com/234/752
158,76,https://placekitten.com/164/51
439,76,https://placekitten.com/858/655
461,76,https://placekitten.com/1008/878
486,76,https://dummyimage.com/445x32
531,76,https://placeholdit.imgix.net/~text?txtsize=55&txt=295x206&w=295&h=206
614,76,https://placekitten.com/762/597
989,76,https://placekitten.com/990/236
159,77,https://placeholdit.imgix.net/~text?txtsize=55&txt=534x285&w=534&h=285
225,77,https://placeholdit.imgix.net/~text?txtsize=55&txt=708x540&w=708&h=540
354,77,https://www.lorempixel.com/374/845
748,77,https://placeimg.com/108/613/any
870,77,https://www.lorempixel.com/720/972
924,77,https://placeimg.com/926/405/any
296,78,https://placeimg.com/260/400/any
387,78,https://www.lorempixel.com/76/426
407,78,https://placekitten.com/592/671
805,78,https://placekitten.com/41/455
151,79,https://placeimg.com/126/377/any
180,79,https://placeholdit.imgix.net/~text?txtsize=55&txt=226x1006&w=226&h=1006
197,79,https://www.lorempixel.com/1009/184
256,79,https://placekitten.com/86/150
366,79,https://dummyimage.com/344x556
374,79,https://placeimg.com/717/575/any
753,79,https://placeimg.com/559/461/any
757,79,https://placekitten.com/742/778
765,79,https://placekitten.com/8/395
776,79,https://placeholdit.imgix.net/~text?txtsize=55&txt=910x24&w=910&h=24
789,79,https://placeholdit.imgix.net/~text?txtsize=55&txt=870x868&w=870&h=868
810,79,https://placeimg.com/700/880/any
400,80,https://www.lorempixel.com/730/536
511,80,https://www.lorempixel.com/54/500
567,80,https://placeimg.com/501/830/any
568,80,https://placeimg.com/42/759/any
827,80,https://placekitten.com/819/420
868,80,https://dummyimage.com/177x1008
950,80,https://placekitten.com/201/952
66,81,https://placekitten.com/838/849
83,81,https://placeimg.com/617/1012/any
241,81,https://dummyimage.com/215x278
280,81,https://dummyimage.com/122x1
284,81,https://placekitten.com/227/778
367,81,https://placekitten.com/259/552
521,81,https://placeimg.com/422/90/any
703,81,https://placeholdit.imgix.net/~text?txtsize=55&txt=234x617&w=234&h=617
706,81,https://www.lorempixel.com/694/938
823,81,https://www.lorempixel.com/337/689
857,81,https://dummyimage.com/991x1015
887,81,https://placekitten.com/463/189
111,82,https://placeimg.com/671/319/any
364,82,https://placeholdit.imgix.net/~text?txtsize=55&txt=940x709&w=940&h=709
379,82,https://placekitten.com/1016/192
413,82,https://placeholdit.imgix.net/~text?txtsize=55&txt=328x765&w=328&h=765
418,82,https://placekitten.com/916/881
460,82,https://placeimg.com/803/280/any
475,82,https://placekitten.com/886/291
588,82,https://placeholdit.imgix.net/~text?txtsize=55&txt=466x852&w=466&h=852
794,82,https://placeimg.com/324/333/any
814,82,https://placeimg.com/433/838/any
821,82,https://placeimg.com/42/877/any
854,82,https://placeholdit.imgix.net/~text?txtsize=55&txt=558x241&w=558&h=241
888,82,https://placekitten.com/72/612
972,82,https://dummyimage.com/653x485
321,83,https://placekitten.com/588/529
632,83,https://placeholdit.imgix.net/~text?txtsize=55&txt=175x775&w=175&h=775
644,83,https://placeholdit.imgix.net/~text?txtsize=55&txt=534x1011&w=534&h=1011
882,83,https://dummyimage.com/803x1021
947,83,https://dummyimage.com/1007x716
329,84,https://placekitten.com/520/568
124,85,https://placeimg.com/493/311/any
293,85,https://dummyimage.com/478x150
448,85,https://placekitten.com/765/651
542,85,https://www.lorempixel.com/974/973
643,85,https://placeholdit.imgix.net/~text?txtsize=55&txt=533x155&w=533&h=155
758,85,https://placekitten.com/907/520
769,85,https://dummyimage.com/429x840
833,85,https://placeimg.com/574/120/any
936,85,https://dummyimage.com/418x925
141,86,https://placeholdit.imgix.net/~text?txtsize=55&txt=411x301&w=411&h=301
154,86,https://placeimg.com/666/663/any
279,86,https://www.lorempixel.com/958/430
375,86,https://placeimg.com/248/106/any
595,86,https://placeimg.com/435/9/any
731,86,https://placeimg.com/160/515/any
892,86,https://placeholdit.imgix.net/~text?txtsize=55&txt=735x681&w=735&h=681
949,86,https://www.lorempixel.com/82/712
349,87,https://dummyimage.com/723x896
449,87,https://placeimg.com/900/998/any
534,87,https://dummyimage.com/752x490
691,87,https://placekitten.com/994/393
15,88,https://placeholdit.imgix.net/~text?txtsize=55&txt=559x121&w=559&h=121
130,88,https://placeimg.com/446/877/any
315,88,https://placeholdit.imgix.net/~text?txtsize=55&txt=162x386&w=162&h=386
382,88,https://www.lorempixel.com/792/557
504,88,https://dummyimage.com/178x27
590,88,https://placeimg.com/0/609/any
600,88,https://placeholdit.imgix.net/~text?txtsize=55&txt=1015x263&w=1015&h=263
756,88,https://placekitten.com/270/826
345,89,https://placeholdit.imgix.net/~text?txtsize=55&txt=4x885&w=4&h=885
660,89,https://placekitten.com/948/745
771,89,https://www.lorempixel.com/571/436
1,90,https://placeimg.com/940/347/any
81,90,https://dummyimage.com/600x177
140,90,https://placeholdit.imgix.net/~text?txtsize=55&txt=733x511&w=733&h=511
243,90,https://dummyimage.com/855x611
344,90,https://placekitten.com/50/181
421,90,https://placeimg.com/468/206/any
516,90,https://dummyimage.com/791x69
677,90,https://placekitten.com/405/1018
687,90,https://placeholdit.imgix.net/~text?txtsize=55&txt=157x603&w=157&h=603
729,90,https://placeholdit.imgix.net/~text?txtsize=55&txt=341x558&w=341&h=558
808,90,https://dummyimage.com/19x328
952,90,https://placeimg.com/398/134/any
954,90,https://placeholdit.imgix.net/~text?txtsize=55&txt=669x18&w=669&h=18
4,91,https://placekitten.com/30/1011
40,91,https://www.lorempixel.com/607/554
848,91,https://www.lorempixel.com/558/794
872,91,https://dummyimage.com/430x220
889,91,https://placeholdit.imgix.net/~text?txtsize=55&txt=35x809&w=35&h=809
63,92,https://placeholdit.imgix.net/~text?txtsize=55&txt=602x643&w=602&h=643
75,92,https://dummyimage.com/439x1020
91,92,https://placekitten.com/214/279
176,92,https://dummyimage.com/209x514
304,92,https://dummyimage.com/108x290
392,92,https://placeholdit.imgix.net/~text?txtsize=55&txt=100x949&w=100&h=949
618,92,https://placeimg.com/158/506/any
770,92,https://placeholdit.imgix.net/~text?txtsize=55&txt=870x792&w=870&h=792
229,93,https://placeimg.com/53/202/any
415,93,https://placeholdit.imgix.net/~text?txtsize=55&txt=756x204&w=756&h=204
442,93,https://placekitten.com/221/870
893,93,https://placeimg.com/68/24/any
931,93,https://www.lorempixel.com/195/113
80,94,https://www.lorempixel.com/76/940
96,94,https://www.lorempixel.com/516/352
135,94,https://placekitten.com/739/104
419,94,https://placeimg.com/842/647/any
428,94,https://www.lorempixel.com/455/1000
445,94,https://placeimg.com/764/881/any
505,94,https://dummyimage.com/866x850
698,94,https://placeimg.com/208/742/any
746,94,https://dummyimage.com/944x985
781,94,https://placeimg.com/470/361/any
801,94,https://dummyimage.com/39x872
134,95,https://placekitten.com/893/678
214,95,https://www.lorempixel.com/463/33
263,95,https://dummyimage.com/70x725
394,95,https://placeholdit.imgix.net/~text?txtsize=55&txt=451x757&w=451&h=757
471,95,https://placeholdit.imgix.net/~text?txtsize=55&txt=199x632&w=199&h=632
742,95,https://placeimg.com/871/935/any
861,95,https://dummyimage.com/470x819
69,96,https://dummyimage.com/228x987
244,96,https://placekitten.com/706/676
340,96,https://placekitten.com/362/51
630,96,https://placeholdit.imgix.net/~text?txtsize=55&txt=259x717&w=259&h=717
762,96,https://placeholdit.imgix.net/~text?txtsize=55&txt=63x289&w=63&h=289
869,96,https://placeholdit.imgix.net/~text?txtsize=55&txt=644x732&w=644&h=732
939,96,https://placekitten.com/849/624
978,96,https://placekitten.com/515/524
20,97,https://placeimg.com/317/730/any
166,97,https://placekitten.com/914/214
313,97,https://www.lorempixel.com/960/799
457,97,https://placeimg.com/73/92/any
546,97,https://dummyimage.com/414x7
958,97,https://placeimg.com/536/971/any
396,98,https://placeholdit.imgix.net/~text?txtsize=55&txt=58x99&w=58&h=99
47,99,https://dummyimage.com/165x261
312,99,https://placeimg.com/736/306/any
343,99,https://placeimg.com/937/315/any
580,99,https://placeimg.com/682/565/any
707,99,https://dummyimage.com/293x614
797,99,https://placeimg.com/477/609/any
816,99,https://www.lorempixel.com/77/290
851,99,https://dummyimage.com/756x228
877,99,https://placeimg.com/495/522/any
980,99,https://dummyimage.com/927x350
267,100,https://placeimg.com/645/188/any
390,100,https://placeholdit.imgix.net/~text?txtsize=55&txt=199x788&w=199&h=788
539,100,https://dummyimage.com/543x224
782,100,https://placeholdit.imgix.net/~text?txtsize=55&txt=868x459&w=868&h=459
16,101,https://www.lorempixel.com/998/765
53,101,https://placekitten.com/623/83
109,101,https://placeimg.com/693/503/any
173,101,https://placekitten.com/90/863
255,101,https://placeholdit.imgix.net/~text?txtsize=55&txt=716x659&w=716&h=659
259,101,https://placekitten.com/930/90
422,101,https://placekitten.com/274/232
440,101,https://dummyimage.com/983x389
576,101,https://placeholdit.imgix.net/~text?txtsize=55&txt=656x473&w=656&h=473
598,101,https://placeimg.com/661/715/any
863,101,https://placeimg.com/331/271/any
19,102,https://dummyimage.com/367x513
73,102,https://placeholdit.imgix.net/~text?txtsize=55&txt=469x737&w=469&h=737
326,102,https://dummyimage.com/677x249
412,102,https://www.lorempixel.com/645/44
488,102,https://placeimg.com/709/549/any
508,102,https://dummyimage.com/512x1023
525,102,https://www.lorempixel.com/165/217
735,102,https://placeimg.com/427/957/any
802,102,https://placekitten.com/93/503
896,102,https://placeimg.com/847/811/any
907,102,https://dummyimage.com/687x1001
996,102,https://www.lorempixel.com/1007/404
121,103,https://dummyimage.com/625x23
199,103,https://placekitten.com/319/954
266,103,https://placeholdit.imgix.net/~text?txtsize=55&txt=834x752&w=834&h=752
365,103,https://www.lorempixel.com/656/568
499,103,https://placeholdit.imgix.net/~text?txtsize=55&txt=681x6&w=681&h=6
554,103,https://placeholdit.imgix.net/~text?txtsize=55&txt=237x234&w=237&h=234
623,103,https://placeimg.com/43/325/any
637,103,https://placekitten.com/595/509
799,103,https://placeholdit.imgix.net/~text?txtsize=55&txt=282x415&w=282&h=415
905,103,https://placeimg.com/216/349/any
247,104,https://www.lorempixel.com/999/336
291,104,https://www.lorempixel.com/602/636
351,104,https://dummyimage.com/596x692
487,104,https://placekitten.com/320/190
561,104,https://dummyimage.com/899x110
682,104,https://dummyimage.com/150x961
683,104,https://placeimg.com/301/97/any
790,104,https://placekitten.com/167/244
839,104,https://www.lorempixel.com/885/99
24,105,https://www.lorempixel.com/570/982
36,105,https://www.lorempixel.com/158/147
274,105,https://placeholdit.imgix.net/~text?txtsize=55&txt=459x520&w=459&h=520
303,105,https://placekitten.com/976/269
393,105,https://dummyimage.com/783x570
404,105,https://placeholdit.imgix.net/~text?txtsize=55&txt=398x241&w=398&h=241
452,105,https://placekitten.com/656/554
470,105,https://placekitten.com/944/446
626,105,https://dummyimage.com/426x67
733,105,https://www.lorempixel.com/119/923
908,105,https://dummyimage.com/91x23
744,106,https://placeholdit.imgix.net/~text?txtsize=55&txt=794x336&w=794&h=336
509,107,https://placeimg.com/158/734/any
641,107,https://placekitten.com/998/211
845,107,https://placeholdit.imgix.net/~text?txtsize=55&txt=199x458&w=199&h=458
846,107,https://placeimg.com/881/283/any
921,107,https://dummyimage.com/764x896
966,107,https://placekitten.com/654/995
633,108,https://placeholdit.imgix.net/~text?txtsize=55&txt=988x828&w=988&h=828
927,108,https://placeholdit.imgix.net/~text?txtsize=55&txt=752x764&w=752&h=764
70,109,https://placeholdit.imgix.net/~text?txtsize=55&txt=794x27&w=794&h=27
342,109,https://www.lorempixel.com/457/1015
377,109,https://placeholdit.imgix.net/~text?txtsize=55&txt=834x673&w=834&h=673
506,109,https://dummyimage.com/706x343
804,109,https://placeholdit.imgix.net/~text?txtsize=55&txt=181x715&w=181&h=715
899,109,https://placeholdit.imgix.net/~text?txtsize=55&txt=265x82&w=265&h=82
922,109,https://www.lorempixel.com/698/853
110,110,https://placekitten.com/397/196
170,110,https://placekitten.com/0/821
203,110,https://placeimg.com/710/2/any
406,110,https://placekitten.com/558/541
431,110,https://placeimg.com/609/936/any
528,110,https://placekitten.com/189/486
642,110,https://dummyimage.com/294x512
900,110,https://placekitten.com/494/370
3,111,https://dummyimage.com/131x116
65,111,https://placekitten.com/230/698
123,111,https://placekitten.com/553/356
184,111,https://placeimg.com/719/274/any
370,111,https://dummyimage.com/784x704
558,111,https://placeimg.com/232/87/any
752,111,https://dummyimage.com/699x199
967,111,https://www.lorempixel.com/896/638
102,112,https://www.lorempixel.com/970/908
155,112,https://placeimg.com/1019/390/any
193,112,https://placekitten.com/493/723
211,112,https://placekitten.com/30/745
444,112,https://placeholdit.imgix.net/~text?txtsize=55&txt=351x642&w=351&h=642
481,112,https://placekitten.com/836/570
565,112,https://placekitten.com/939/198
829,112,https://placekitten.com/276/123
992,112,https://www.lorempixel.com/206/564
187,113,https://placekitten.com/296/510
245,113,https://dummyimage.com/867x807
282,113,https://dummyimage.com/638x716
388,113,https://placeimg.com/519/815/any
570,113,https://placeholdit.imgix.net/~text?txtsize=55&txt=635x237&w=635&h=237
679,113,https://placekitten.com/256/317
685,113,https://placeimg.com/152/623/any
722,113,https://www.lorempixel.com/654/679
747,113,https://www.lorempixel.com/661/404
826,113,https://placeimg.com/774/311/any
941,113,https://www.lorempixel.com/930/930
955,113,https://placeholdit.imgix.net/~text?txtsize=55&txt=391x789&w=391&h=789
965,113,https://www.lorempixel.com/27/203
89,114,https://www.lorempixel.com/123/41
357,114,https://placekitten.com/336/826
474,114,https://dummyimage.com/875x22
647,114,https://www.lorempixel.com/683/97
750,114,https://placeimg.com/339/833/any
812,114,https://placeholdit.imgix.net/~text?txtsize=55&txt=332x422&w=332&h=422
894,114,https://placekitten.com/557/803
948,114,https://placekitten.com/938/746
97,115,https://placeholdit.imgix.net/~text?txtsize=55&txt=846x442&w=846&h=442
209,115,https://placekitten.com/1022/246
670,115,https://dummyimage.com/490x927
820,115,https://placeholdit.imgix.net/~text?txtsize=55&txt=562x195&w=562&h=195
991,115,https://placeimg.com/660/527/any
297,116,https://placeimg.com/275/445/any
309,116,https://placeimg.com/916/650/any
455,116,https://placeimg.com/291/347/any
477,116,https://placekitten.com/237/612
536,116,https://placeimg.com/223/35/any
796,116,https://dummyimage.com/1011x655
216,117,https://placeholdit.imgix.net/~text?txtsize=55&txt=244x101&w=244&h=101
335,117,https://dummyimage.com/788x264
483,117,https://placeholdit.imgix.net/~text?txtsize=55&txt=982x317&w=982&h=317
527,117,https://placeholdit.imgix.net/~text?txtsize=55&txt=54x827&w=54&h=827
555,117,https://www.lorempixel.com/299/314
705,117,https://placeimg.com/1010/491/any
710,117,https://placeholdit.imgix.net/~text?txtsize=55&txt=88x941&w=88&h=941
813,117,https://placeimg.com/212/985/any
864,117,https://placekitten.com/981/366
78,118,https://placeimg.com/145/529/any
98,118,https://placeholdit.imgix.net/~text?txtsize=55&txt=895x479&w=895&h=479
186,118,https://placeholdit.imgix.net/~text?txtsize=55&txt=642x666&w=642&h=666
189,118,https://www.lorempixel.com/263/160
278,118,https://placekitten.com/429/224
537,118,https://placekitten.com/444/584
616,118,https://placeimg.com/909/960/any
648,118,https://www.lorempixel.com/629/754
800,118,https://placeimg.com/543/308/any
987,118,https://placeholdit.imgix.net/~text?txtsize=55&txt=498x364&w=498&h=364
22,119,https://placeholdit.imgix.net/~text?txtsize=55&txt=407x165&w=407&h=165
332,119,https://dummyimage.com/905x16
352,119,https://placekitten.com/954/974
447,119,https://www.lorempixel.com/444/737
503,119,https://placeimg.com/518/210/any
645,119,https://placeimg.com/424/29/any
903,119,https://www.lorempixel.com/844/201
122,120,https://dummyimage.com/548x885
285,120,https://www.lorempixel.com/927/47
289,120,https://dummyimage.com/191x748
462,120,https://placeholdit.imgix.net/~text?txtsize=55&txt=615x793&w=615&h=793
612,120,https://placeimg.com/97/923/any
734,120,https://www.lorempixel.com/864/881
783,120,https://dummyimage.com/167x589
847,120,https://placeholdit.imgix.net/~text?txtsize=55&txt=891x442&w=891&h=442
50,121,https://dummyimage.com/357x190
572,121,https://placekitten.com/95/131
676,121,https://placekitten.com/547/239
728,121,https://placeimg.com/990/142/any
793,121,https://placeimg.com/204/713/any
239,122,https://www.lorempixel.com/431/675
249,122,https://dummyimage.com/629x318
635,122,https://placekitten.com/160/711
671,122,https://placekitten.com/531/1000
708,122,https://dummyimage.com/237x911
849,122,https://placeholdit.imgix.net/~text?txtsize=55&txt=678x604&w=678&h=604
142,123,https://placeimg.com/817/828/any
208,123,https://placekitten.com/324/206
230,123,https://placeholdit.imgix.net/~text?txtsize=55&txt=323x157&w=323&h=157
376,123,https://www.lorempixel.com/691/214
430,123,https://www.lorempixel.com/114/145
476,123,https://dummyimage.com/672x174
628,123,https://placeholdit.imgix.net/~text?txtsize=55&txt=931x464&w=931&h=464
825,123,https://placekitten.com/675/703
918,123,https://placekitten.com/1022/931
319,124,https://www.lorempixel.com/121/254
355,124,https://www.lorempixel.com/753/861
403,124,https://www.lorempixel.com/519/112
535,124,https://placekitten.com/916/719
649,124,https://placeholdit.imgix.net/~text?txtsize=55&txt=82x875&w=82&h=875
759,124,https://www.lorempixel.com/489/197
787,124,https://www.lorempixel.com/460/822
859,124,https://dummyimage.com/465x633
916,124,https://placekitten.com/67/251
945,124,https://dummyimage.com/955x481
946,124,https://placeholdit.imgix.net/~text?txtsize=55&txt=640x951&w=640&h=951
973,124,https://placekitten.com/530/1021
162,125,https://dummyimage.com/863x13
227,125,https://placekitten.com/45/234
551,125,https://placeimg.com/665/382/any
661,125,https://placekitten.com/346/935
977,125,https://placekitten.com/832/432
167,126,https://placeholdit.imgix.net/~text?txtsize=55&txt=814x281&w=814&h=281
181,126,https://www.lorempixel.com/332/157
359,126,https://dummyimage.com/862x949
658,126,https://dummyimage.com/697x185
741,126,https://placekitten.com/140/874
844,126,https://dummyimage.com/536x700
999,127,https://i.imgur.com/b32MbJG.jpg
1000,127,https://i.imgur.com/cPdaufp.jpg
1001,127,https://i.imgur.com/nbIfq0K.jpg
1002,127,https://i.imgur.com/wwW0lJj.jpg
1003,127,https://i.imgur.com/UoVh5Rk.jpg
1004,127,https://i.imgur.com/PnGT8Hm.jpg
1005,127,https://i.imgur.com/CX3HjmD.jpg
1006,127,https://i.imgur.com/r4ssYf0.jpg
1007,127,https://i.imgur.com/pZStLwe.jpg
1008,127,https://i.imgur.com/LUWP3BG.jpg
1009,127,https://i.imgur.com/i3kplrR.jpg
1010,127,https://i.imgur.com/frPd7OF.jpg
1011,127,https://i.imgur.com/WNPQRIC.jpg
1012,128,https://i.imgur.com/HXj6jem.jpg
1013,128,https://i.imgur.com/788fDRs.jpg
1014,128,https://i.imgur.com/Mhq2OGd.jpg
1015,128,https://i.imgur.com/UMnrwQf.jpg
1016,128,https://i.imgur.com/fIilOsB.jpg
1017,128,https://i.imgur.com/ayfnHNF.jpg
1018,128,https://i.imgur.com/M9wvOFt.jpg
1019,128,https://i.imgur.com/fkRGyjw.jpg
1020,128,https://i.imgur.com/GjdNXU9.jpg