669,77,https://placeimg.com/824/31/any
690,28,https://placeimg.com/289/1/any
835,117,https://www.lorempixel.com/713/176
891,20,https://placeholdit.imgix.net/~text?txtsize=55&txt=164x721&w=164&h=721
671,38,https://www.lorempixel.com/619/423
771,29,https://www.lorempixel.com/682/1000
23,36,https://www.lorempixel.com/1006/114
986,50,https://placekitten.com/981/877
230,114,https://dummyimage.com/192x819
483,2,https://placekitten.com/491/614
337,7,https://www.lorempixel.com/254/945
862,88,https://placekitten.com/710/754
8,123,https://www.lorempixel.com/665/641
15,58,https://dummyimage.com/847x5
40,74,https://dummyimage.com/814x915
354,88,https://www.lorempixel.com/635/474
191,13,https://placeimg.com/639/817/any
869,72,https://placekitten.com/431/449
813,28,https://placeholdit.imgix.net/~text?txtsize=55&txt=264x441&w=264&h=441
851,60,https://placekitten.com/968/612
274,109,https://placekitten.com/282/883
718,116,https://dummyimage.com/366x403
25,96,https://placeimg.com/179/997/any
593,36,https://www.lorempixel.com/356/296
102,48,https://placeimg.com/201/540/any
655,52,https://placekitten.com/296/827
438,56,https://placeholdit.imgix.net/~text?txtsize=55&txt=386x554&w=386&h=554
969,63,https://placeholdit.imgix.net/~text?txtsize=55&txt=671x874&w=671&h=874
386,109,https://www.lorempixel.com/1021/125
267,43,https://dummyimage.com/643x97
543,15,https://dummyimage.com/1024x229
761,57,https://dummyimage.com/41x124
641,17,https://www.lorempixel.com/937/344
921,107,https://placeholdit.imgix.net/~text?txtsize=55&txt=748x763&w=748&h=763
398,57,https://placeholdit.imgix.net/~text?txtsize=55&txt=442x851&w=442&h=851
668,81,https://placeimg.com/265/109/any
474,126,https://placeimg.com/960/555/any
659,56,https://placeholdit.imgix.net/~text?txtsize=55&txt=48x767&w=48&h=767
487,22,https://dummyimage.com/428x695
323,106,https://placeimg.com/806/243/any
824,90,https://placekitten.com/590/547
344,103,https://placeimg.com/699/329/any
519,54,https://placekitten.com/768/645
881,4,https://placeimg.com/686/759/any
766,50,https://dummyimage.com/205x870
872,116,https://dummyimage.com/772x930
236,38,https://dummyimage.com/41x713
826,17,https://placeimg.com/441/66/any
935,69,https://placeimg.com/4/548/any
480,69,https://placeimg.com/357/243/any
506,84,https://dummyimage.com/915x548
954,24,https://placeholdit.imgix.net/~text?txtsize=55&txt=102x466&w=102&h=466
628,102,https://placeholdit.imgix.net/~text?txtsize=55&txt=618x682&w=618&h=682
327,106,https://www.lorempixel.com/754/966
194,33,https://dummyimage.com/297x135
657,77,https://placekitten.com/852/489
335,91,https://placeimg.com/106/517/any
116,56,https://placekitten.com/656/297
42,32,https://dummyimage.com/792x521
537,72,https://placeimg.com/203/199/any
367,125,https://placekitten.com/574/853
135,80,https://dummyimage.com/387x574
484,58,https://placeholdit.imgix.net/~text?txtsize=55&txt=719x161&w=719&h=161
275,66,https://dummyimage.com/281x711
965,50,https://www.lorempixel.com/844/999
114,117,https://placeimg.com/985/538/any
81,60,https://placeholdit.imgix.net/~text?txtsize=55&txt=147x1&w=147&h=1
463,26,https://placeimg.com/139/398/any
805,32,https://placeimg.com/650/620/any
403,21,https://www.lorempixel.com/113/236
978,38,https://placeholdit.imgix.net/~text?txtsize=55&txt=417x483&w=417&h=483
584,105,https://dummyimage.com/837x375
701,109,https://placeimg.com/758/955/any
211,116,https://placekitten.com/776/582
554,83,https://dummyimage.com/954x531
315,102,https://placeimg.com/660/1012/any
819,1,https://dummyimage.com/496x91
886,91,https://www.lorempixel.com/434/627
878,36,https://placeimg.com/856/381/any
778,126,https://www.lorempixel.com/451/525
496,36,https://placeholdit.imgix.net/~text?txtsize=55&txt=903x650&w=903&h=650
656,57,https://placeholdit.imgix.net/~text?txtsize=55&txt=793x497&w=793&h=497
145,83,https://dummyimage.com/144x705
99,16,https://placeholdit.imgix.net/~text?txtsize=55&txt=773x521&w=773&h=521
68,28,https://www.lorempixel.com/274/41
934,35,https://placekitten.com/664/205
127,115,https://placekitten.com/661/455
745,101,https://placekitten.com/866/1006
461,110,https://www.lorempixel.com/680/927
304,98,https://placeimg.com/679/720/any
643,85,https://placeimg.com/853/7/any
847,43,https://placeholdit.imgix.net/~text?txtsize=55&txt=898x962&w=898&h=962
945,73,https://placekitten.com/460/964
737,75,https://placeholdit.imgix.net/~text?txtsize=55&txt=742x997&w=742&h=997
802,121,https://dummyimage.com/941x821
799,120,https://placeimg.com/610/30/any
840,109,https://placekitten.com/97/113
500,96,https://placeholdit.imgix.net/~text?txtsize=55&txt=787x428&w=787&h=428
914,117,https://dummyimage.com/399x207
649,119,https://www.lorempixel.com/695/996
730,109,https://placekitten.com/560/899
394,60,https://dummyimage.com/20x517
859,42,https://www.lorempixel.com/603/245
789,117,https://dummyimage.com/950x447
839,5,https://placekitten.com/70/352
19,73,https://placekitten.com/633/566
812,68,https://placekitten.com/442/64
181,73,https://placeholdit.imgix.net/~text?txtsize=55&txt=159x295&w=159&h=295
685,8,https://placeholdit.imgix.net/~text?txtsize=55&txt=625x474&w=625&h=474
309,91,https://placekitten.com/905/9
91,4,https://placeimg.com/763/304/any
366,80,https://www.lorempixel.com/590/377
301,89,https://placeholdit.imgix.net/~text?txtsize=55&txt=144x596&w=144&h=596
30,7,https://dummyimage.com/755x577
817,44,https://dummyimage.com/218x451
984,94,https://placekitten.com/632/77
200,8,https://placeholdit.imgix.net/~text?txtsize=55&txt=779x237&w=779&h=237
834,93,https://placeimg.com/560/766/any
530,85,https://www.lorempixel.com/463/135
109,72,https://placeholdit.imgix.net/~text?txtsize=55&txt=597x219&w=597&h=219
896,125,https://placeholdit.imgix.net/~text?txtsize=55&txt=330x54&w=330&h=54
611,14,https://placeimg.com/336/155/any
511,68,https://dummyimage.com/884x333
749,39,https://placeholdit.imgix.net/~text?txtsize=55&txt=528x359&w=528&h=359
414,45,https://placeimg.com/492/768/any
51,78,https://www.lorempixel.com/223/69
488,74,https://placeholdit.imgix.net/~text?txtsize=55&txt=647x231&w=647&h=231
460,13,https://www.lorempixel.com/8/833
760,65,https://placekitten.com/516/443
933,64,https://placeimg.com/697/688/any
830,86,https://placeholdit.imgix.net/~text?txtsize=55&txt=25x554&w=25&h=554
665,28,https://placekitten.com/165/506
54,68,https://dummyimage.com/800x322
375,99,https://www.lorempixel.com/673/300
764,48,https://placeimg.com/85/808/any
827,27,https://placekitten.com/818/327
981,98,https://www.lorempixel.com/329/6
693,104,https://dummyimage.com/649x780
850,55,https://dummyimage.com/468x496
451,120,https://placekitten.com/538/42
203,58,https://placeimg.com/192/802/any
298,33,https://placeholdit.imgix.net/~text?txtsize=55&txt=668x974&w=668&h=974
642,40,https://www.lorempixel.com/476/361
885,82,https://placeimg.com/265/332/any
189,93,https://dummyimage.com/119x345
6,76,https://placeholdit.imgix.net/~text?txtsize=55&txt=355x727&w=355&h=727
663,15,https://www.lorempixel.com/970/857
739,18,https://placeholdit.imgix.net/~text?txtsize=55&txt=696x395&w=696&h=395
897,118,https://placeholdit.imgix.net/~text?txtsize=55&txt=363x369&w=363&h=369
180,52,https://dummyimage.com/957x204
164,48,https://placeholdit.imgix.net/~text?txtsize=55&txt=150x845&w=150&h=845
12,72,https://www.lorempixel.com/766/545
171,111,https://placeholdit.imgix.net/~text?txtsize=55&txt=419x1005&w=419&h=1005
779,41,https://placekitten.com/782/733
927,120,https://placekitten.com/397/462
357,42,https://placeholdit.imgix.net/~text?txtsize=55&txt=818x53&w=818&h=53
434,34,https://placeholdit.imgix.net/~text?txtsize=55&txt=861x570&w=861&h=570
421,29,https://placeholdit.imgix.net/~text?txtsize=55&txt=272x590&w=272&h=590
854,68,https://dummyimage.com/303x992
648,73,https://placeholdit.imgix.net/~text?txtsize=55&txt=813x176&w=813&h=176
664,102,https://placeholdit.imgix.net/~text?txtsize=55&txt=145x629&w=145&h=629
431,85,https://placeholdit.imgix.net/~text?txtsize=55&txt=697x951&w=697&h=951
613,40,https://placekitten.com/745/747
173,10,https://placekitten.com/118/137
162,92,https://placeimg.com/288/476/any
458,121,https://placekitten.com/759/372
535,23,https://dummyimage.com/402x896
987,74,https://www.lorempixel.com/637/242
920,70,https://placekitten.com/350/296
98,98,https://placeholdit.imgix.net/~text?txtsize=55&txt=675x223&w=675&h=223
235,74,https://placekitten.com/483/308
516,56,https://dummyimage.com/429x150
995,23,https://dummyimage.com/316x578
963,118,https://placekitten.com/6/909
841,78,https://placeimg.com/800/51/any
293,12,https://placekitten.com/834/271
809,12,https://dummyimage.com/235x826
924,24,https://www.lorempixel.com/225/155
938,118,https://placeimg.com/186/236/any
546,87,https://placekitten.com/778/725
728,112,https://placeholdit.imgix.net/~text?txtsize=55&txt=289x141&w=289&h=141
821,59,https://placeimg.com/846/287/any
499,33,https://placekitten.com/240/102
944,66,https://placeholdit.imgix.net/~text?txtsize=55&txt=699x757&w=699&h=757
815,13,https://placekitten.com/710/153
818,104,https://www.lorempixel.com/226/368
77,115,https://www.lorempixel.com/911/979
513,37,https://www.lorempixel.com/880/942
141,81,https://placeholdit.imgix.net/~text?txtsize=55&txt=982x735&w=982&h=735
919,87,https://dummyimage.com/262x923
874,87,https://dummyimage.com/924x404
132,33,https://placekitten.com/332/492
243,107,https://placeholdit.imgix.net/~text?txtsize=55&txt=525x414&w=525&h=414
151,28,https://placekitten.com/835/158
959,72,https://www.lorempixel.com/400/866
245,104,https://placeimg.com/296/114/any
608,73,https://placeimg.com/547/886/any
9,26,https://placeimg.com/401/127/any
1,48,https://placekitten.com/921/685
303,103,https://placekitten.com/682/1017
925,112,https://www.lorempixel.com/899/67
694,80,https://placeholdit.imgix.net/~text?txtsize=55&txt=796x980&w=796&h=980
620,25,https://dummyimage.com/628x302
318,55,https://placeholdit.imgix.net/~text?txtsize=55&txt=302x26&w=302&h=26
265,4,https://www.lorempixel.com/912/735
915,18,https://dummyimage.com/497x170
520,59,https://www.lorempixel.com/347/1005
63,112,https://placeholdit.imgix.net/~text?txtsize=55&txt=547x929&w=547&h=929
632,23,https://placeholdit.imgix.net/~text?txtsize=55&txt=620x747&w=620&h=747
202,116,https://placeholdit.imgix.net/~text?txtsize=55&txt=563x448&w=563&h=448
424,74,https://placekitten.com/1002/831
349,55,https://www.lorempixel.com/592/585
712,34,https://www.lorempixel.com/225/798
331,13,https://placeholdit.imgix.net/~text?txtsize=55&txt=943x934&w=943&h=934
534,68,https://placeholdit.imgix.net/~text?txtsize=55&txt=427x805&w=427&h=805
937,58,https://placeholdit.imgix.net/~text?txtsize=55&txt=438x43&w=438&h=43
240,48,https://dummyimage.com/7x556
4,117,https://placeimg.com/749/107/any
532,5,https://dummyimage.com/337x12
980,27,https://dummyimage.com/101x692
84,96,https://www.lorempixel.com/301/240
379,84,https://placeimg.com/708/258/any
262,111,https://placekitten.com/443/960
5,11,https://placekitten.com/633/185
74,37,https://placekitten.com/237/58
527,66,https://dummyimage.com/912x126
411,74,https://placeimg.com/620/882/any
639,119,https://placeimg.com/859/630/any
926,43,https://dummyimage.com/89x510
568,1,https://dummyimage.com/237x2
485,77,https://www.lorempixel.com/814/782
638,126,https://www.lorempixel.com/858/694
112,53,https://placeholdit.imgix.net/~text?txtsize=55&txt=867x446&w=867&h=446
397,72,https://www.lorempixel.com/460/408
948,91,https://placekitten.com/989/788
478,34,https://placeimg.com/275/615/any
138,56,https://dummyimage.com/454x382
700,20,https://www.lorempixel.com/599/499
807,77,https://placekitten.com/860/518
47,8,https://placeholdit.imgix.net/~text?txtsize=55&txt=674x972&w=674&h=972
994,77,https://www.lorempixel.com/870/634
144,48,https://placekitten.com/585/830
670,103,https://placeholdit.imgix.net/~text?txtsize=55&txt=618x926&w=618&h=926
239,40,https://placekitten.com/361/834
169,24,https://placekitten.com/187/567
744,123,https://placeimg.com/444/679/any
533,103,https://placeholdit.imgix.net/~text?txtsize=55&txt=407x701&w=407&h=701
11,57,https://dummyimage.com/168x636
682,8,https://placekitten.com/703/158
738,104,https://placeimg.com/71/694/any
843,125,https://www.lorempixel.com/716/989
466,29,https://dummyimage.com/883x547
565,20,https://placeholdit.imgix.net/~text?txtsize=55&txt=834x506&w=834&h=506
149,72,https://placekitten.com/135/775
560,56,https://dummyimage.com/432x28
417,5,https://www.lorempixel.com/756/695
831,14,https://dummyimage.com/61x612
898,61,https://placeimg.com/982/1013/any
62,87,https://www.lorempixel.com/392/828
735,23,https://placekitten.com/146/364
377,86,https://dummyimage.com/954x452
542,11,https://placeholdit.imgix.net/~text?txtsize=55&txt=262x874&w=262&h=874
213,57,https://placeholdit.imgix.net/~text?txtsize=55&txt=523x317&w=523&h=317
383,62,https://dummyimage.com/660x947
677,61,https://dummyimage.com/709x349
753,116,https://placeimg.com/316/1005/any
781,108,https://placeholdit.imgix.net/~text?txtsize=55&txt=755x473&w=755&h=473
101,68,https://www.lorempixel.com/622/133
571,72,https://www.lorempixel.com/169/517
201,69,https://placekitten.com/755/864
156,32,https://placeholdit.imgix.net/~text?txtsize=55&txt=765x874&w=765&h=874
137,118,https://www.lorempixel.com/971/288
418,80,https://placekitten.com/639/728
285,6,https://dummyimage.com/656x478
574,63,https://dummyimage.com/309x972
269,105,https://dummyimage.com/598x332
409,65,https://placeimg.com/465/564/any
695,36,https://placeholdit.imgix.net/~text?txtsize=55&txt=264x182&w=264&h=182
222,100,https://placekitten.com/30/742
244,8,https://dummyimage.com/595x667
746,15,https://placekitten.com/71/155
13,73,https://placeimg.com/577/324/any
307,25,https://placeholdit.imgix.net/~text?txtsize=55&txt=279x453&w=279&h=453
176,13,https://dummyimage.com/121x187
783,49,https://www.lorempixel.com/606/247
16,10,https://placekitten.com/154/689
419,114,https://placeimg.com/811/256/any
248,64,https://placeimg.com/217/609/any
28,124,https://placeholdit.imgix.net/~text?txtsize=55&txt=580x765&w=580&h=765
486,88,https://www.lorempixel.com/282/453
427,19,https://placekitten.com/20/459
336,4,https://dummyimage.com/559x529
281,105,https://dummyimage.com/958x639
455,73,https://placeholdit.imgix.net/~text?txtsize=55&txt=523x268&w=523&h=268
119,25,https://placekitten.com/665/628
548,102,https://www.lorempixel.com/533/929
346,83,https://placekitten.com/144/858
540,28,https://placekitten.com/378/387
197,120,https://placeimg.com/624/779/any
446,107,https://www.lorempixel.com/366/861
85,80,https://placekitten.com/622/114
631,3,https://placeholdit.imgix.net/~text?txtsize=55&txt=600x675&w=600&h=675
786,104,https://placekitten.com/380/586
601,122,https://placekitten.com/359/778
949,118,https://placeholdit.imgix.net/~text?txtsize=55&txt=591x404&w=591&h=404
566,114,https://placekitten.com/555/259
918,3,https://placeholdit.imgix.net/~text?txtsize=55&txt=982x809&w=982&h=809
107,15,https://placeimg.com/35/261/any
515,94,https://placeimg.com/916/220/any
734,42,https://placekitten.com/900/657
561,26,https://placekitten.com/847/648
600,2,https://placeimg.com/375/437/any
899,7,https://www.lorempixel.com/45/167
406,117,https://placeholdit.imgix.net/~text?txtsize=55&txt=946x742&w=946&h=742
558,67,https://www.lorempixel.com/397/322
183,114,https://placeimg.com/373/244/any
793,48,https://www.lorempixel.com/616/608
964,82,https://dummyimage.com/407x189
957,112,https://placekitten.com/44/776
371,48,https://placeimg.com/872/230/any
820,107,https://dummyimage.com/991x892
56,21,https://placekitten.com/127/294
903,88,https://www.lorempixel.com/174/438
142,105,https://placeimg.com/635/419/any
123,96,https://placeimg.com/423/919/any
623,63,https://www.lorempixel.com/416/204
721,35,https://placeimg.com/363/875/any
172,25,https://www.lorempixel.com/810/123
168,67,https://placeimg.com/430/467/any
652,30,https://placeimg.com/3/440/any
716,40,https://placeholdit.imgix.net/~text?txtsize=55&txt=571x198&w=571&h=198
82,83,https://dummyimage.com/682x766
904,111,https://placekitten.com/320/490
350,121,https://placeholdit.imgix.net/~text?txtsize=55&txt=807x159&w=807&h=159
518,114,https://www.lorempixel.com/37/287
104,57,https://placekitten.com/505/394
961,112,https://dummyimage.com/862x858
491,10,https://placekitten.com/189/631
72,36,https://dummyimage.com/731x492
943,79,https://placekitten.com/70/424
597,89,https://dummyimage.com/816x45
227,4,https://www.lorempixel.com/441/268
444,3,https://placekitten.com/975/823
736,56,https://placeholdit.imgix.net/~text?txtsize=55&txt=812x227&w=812&h=227
651,58,https://dummyimage.com/1024x906
800,59,https://placeholdit.imgix.net/~text?txtsize=55&txt=689x969&w=689&h=969
464,90,https://dummyimage.com/506x614
326,57,https://placekitten.com/237/803
794,2,https://dummyimage.com/594x827
247,117,https://dummyimage.com/924x781
588,17,https://placeimg.com/167/90/any
521,38,https://dummyimage.com/801x547
67,2,https://placeimg.com/453/773/any
765,90,https://www.lorempixel.com/754/94
505,115,https://placekitten.com/271/382
249,34,https://placeimg.com/480/219/any
443,47,https://placeimg.com/461/559/any
238,31,https://placekitten.com/655/426
250,84,https://placekitten.com/396/399
88,19,https://placeimg.com/904/230/any
363,21,https://dummyimage.com/305x843
947,65,https://placeimg.com/900/704/any
578,34,https://placeholdit.imgix.net/~text?txtsize=55&txt=576x263&w=576&h=263
187,74,https://placekitten.com/450/830
150,97,https://placeholdit.imgix.net/~text?txtsize=55&txt=930x977&w=930&h=977
351,78,https://placeholdit.imgix.net/~text?txtsize=55&txt=186x263&w=186&h=263
517,53,https://www.lorempixel.com/171/673
853,39,https://placeimg.com/550/232/any
706,81,https://placeholdit.imgix.net/~text?txtsize=55&txt=440x838&w=440&h=838
53,116,https://www.lorempixel.com/381/192
476,61,https://placekitten.com/903/198
209,32,https://www.lorempixel.com/870/219
836,104,https://placeholdit.imgix.net/~text?txtsize=55&txt=115x360&w=115&h=360
589,84,https://placekitten.com/675/761
846,48,https://dummyimage.com/949x910
226,41,https://dummyimage.com/941x281
96,47,https://dummyimage.com/472x197
253,70,https://placeholdit.imgix.net/~text?txtsize=55&txt=894x312&w=894&h=312
867,28,https://placeimg.com/484/964/any
586,123,https://placekitten.com/355/946
838,90,https://placeholdit.imgix.net/~text?txtsize=55&txt=521x21&w=521&h=21
494,13,https://dummyimage.com/138x819
343,78,https://placeimg.com/346/98/any
627,40,https://placekitten.com/855/691
842,118,https://placekitten.com/0/162
333,93,https://placeholdit.imgix.net/~text?txtsize=55&txt=785x851&w=785&h=851
798,51,https://www.lorempixel.com/904/563
390,2,https://placeimg.com/906/625/any
531,103,https://placeimg.com/56/552/any
855,21,https://dummyimage.com/388x84
587,39,https://dummyimage.com/919x226
234,91,https://www.lorempixel.com/677/577
960,118,https://dummyimage.com/160x951
393,120,https://dummyimage.com/21x417
893,17,https://placeholdit.imgix.net/~text?txtsize=55&txt=783x547&w=783&h=547
368,50,https://www.lorempixel.com/221/635
422,73,https://placeholdit.imgix.net/~text?txtsize=55&txt=881x399&w=881&h=399
907,20,https://placeholdit.imgix.net/~text?txtsize=55&txt=743x686&w=743&h=686
273,4,https://placeholdit.imgix.net/~text?txtsize=55&txt=676x648&w=676&h=648
18,103,https://dummyimage.com/791x395
621,120,https://placeimg.com/923/381/any
939,67,https://placeimg.com/168/796/any
103,43,https://dummyimage.com/722x797
658,95,https://placeholdit.imgix.net/~text?txtsize=55&txt=665x745&w=665&h=745
950,71,https://placekitten.com/433/1017
696,15,https://www.lorempixel.com/850/705
971,105,https://placeholdit.imgix.net/~text?txtsize=55&txt=309x383&w=309&h=383
352,43,https://placeholdit.imgix.net/~text?txtsize=55&txt=600x89&w=600&h=89
526,55,https://placekitten.com/333/75
660,93,https://dummyimage.com/609x559
930,111,https://placeholdit.imgix.net/~text?txtsize=55&txt=764x619&w=764&h=619
650,71,https://www.lorempixel.com/71/386
165,79,https://www.lorempixel.com/639/604
87,52,https://www.lorempixel.com/38/702
184,118,https://dummyimage.com/211x465
551,125,https://dummyimage.com/21x554
958,68,https://placeholdit.imgix.net/~text?txtsize=55&txt=139x186&w=139&h=186
290,120,https://dummyimage.com/911x723
618,31,https://www.lorempixel.com/725/437
266,74,https://www.lorempixel.com/26/495
105,85,https://placekitten.com/610/708
218,106,https://placeimg.com/993/242/any
539,73,https://placekitten.com/356/836
24,31,https://placeholdit.imgix.net/~text?txtsize=55&txt=591x240&w=591&h=240
118,67,https://dummyimage.com/767x387
581,116,https://www.lorempixel.com/810/467
342,119,https://dummyimage.com/878x325
929,78,https://placeimg.com/876/332/any
174,12,https://www.lorempixel.com/405/913
861,51,https://placeimg.com/150/32/any
404,37,https://placekitten.com/330/72
94,118,https://placeimg.com/668/908/any
83,75,https://placeholdit.imgix.net/~text?txtsize=55&txt=928x245&w=928&h=245
633,95,https://placekitten.com/117/819
705,21,https://placeholdit.imgix.net/~text?txtsize=55&txt=650x463&w=650&h=463
133,124,https://www.lorempixel.com/890/368
750,8,https://placekitten.com/576/469
868,20,https://placeimg.com/954/217/any
255,46,https://placekitten.com/487/228
167,47,https://dummyimage.com/661x999
280,34,https://www.lorempixel.com/865/249
577,116,https://placeholdit.imgix.net/~text?txtsize=55&txt=122x963&w=122&h=963
415,123,https://www.lorempixel.com/827/601
71,38,https://dummyimage.com/82x916
405,15,https://placeimg.com/672/735/any
48,48,https://placeimg.com/26/249/any
217,118,https://placeimg.com/1019/978/any
707,2,https://placekitten.com/879/962
702,82,https://placeholdit.imgix.net/~text?txtsize=55&txt=287x240&w=287&h=240
557,42,https://dummyimage.com/540x460
792,8,https://placeimg.com/877/161/any
742,14,https://www.lorempixel.com/168/667
509,111,https://placeimg.com/43/217/any
27,12,https://www.lorempixel.com/198/898
86,83,https://placekitten.com/9/122
936,113,https://placeimg.com/701/205/any
49,86,https://placeholdit.imgix.net/~text?txtsize=55&txt=450x567&w=450&h=567
299,25,https://placekitten.com/80/863
629,7,https://placekitten.com/395/312
148,84,https://www.lorempixel.com/491/430
996,125,https://www.lorempixel.com/76/197
573,41,https://dummyimage.com/908x952
271,11,https://placeholdit.imgix.net/~text?txtsize=55&txt=470x603&w=470&h=603
605,49,https://placeimg.com/645/470/any
704,67,https://www.lorempixel.com/298/575
355,121,https://dummyimage.com/321x882
654,48,https://www.lorempixel.com/962/672
155,84,https://placekitten.com/189/872
594,93,https://placeimg.com/543/693/any
676,123,https://placekitten.com/100/946
341,62,https://dummyimage.com/117x657
782,94,https://placeimg.com/789/711/any
207,68,https://placeholdit.imgix.net/~text?txtsize=55&txt=109x611&w=109&h=611
555,23,https://placekitten.com/630/722
595,117,https://placeimg.com/146/647/any
609,69,https://www.lorempixel.com/1005/278
177,57,https://www.lorempixel.com/845/563
489,35,https://placeholdit.imgix.net/~text?txtsize=55&txt=330x163&w=330&h=163
364,11,https://www.lorempixel.com/580/342
647,90,https://placeimg.com/849/77/any
691,42,https://www.lorempixel.com/786/178
125,73,https://www.lorempixel.com/983/111
454,61,https://placeimg.com/72/47/any
416,92,https://placeimg.com/299/629/any
536,47,https://dummyimage.com/776x255
52,118,https://www.lorempixel.com/242/875
703,12,https://www.lorempixel.com/734/549
796,91,https://placekitten.com/18/735
757,54,https://placekitten.com/607/7
369,77,https://placeimg.com/536/552/any
136,68,https://www.lorempixel.com/614/654
57,103,https://placeimg.com/485/15/any
979,89,https://www.lorempixel.com/69/937
955,96,https://placeimg.com/557/370/any
900,59,https://placeimg.com/525/228/any
607,53,https://placeholdit.imgix.net/~text?txtsize=55&txt=896x597&w=896&h=597
780,27,https://www.lorempixel.com/790/467
286,79,https://placekitten.com/36/484
219,56,https://www.lorempixel.com/311/989
475,92,https://placeholdit.imgix.net/~text?txtsize=55&txt=1019x897&w=1019&h=897
14,65,https://placeholdit.imgix.net/~text?txtsize=55&txt=749x348&w=749&h=348
982,23,https://placeholdit.imgix.net/~text?txtsize=55&txt=358x475&w=358&h=475
237,94,https://dummyimage.com/389x612
717,96,https://placeholdit.imgix.net/~text?txtsize=55&txt=1023x986&w=1023&h=986
152,65,https://placeimg.com/60/519/any
762,126,https://placekitten.com/97/126
556,18,https://www.lorempixel.com/867/208
348,57,https://placekitten.com/178/53
380,120,https://placeholdit.imgix.net/~text?txtsize=55&txt=956x529&w=956&h=529
636,75,https://placeholdit.imgix.net/~text?txtsize=55&txt=469x308&w=469&h=308
640,17,https://www.lorempixel.com/1000/658
122,30,https://dummyimage.com/272x776
420,105,https://placekitten.com/61/603
436,72,https://dummyimage.com/898x748
362,6,https://placekitten.com/1001/864
857,53,https://placeimg.com/514/720/any
528,49,https://placeholdit.imgix.net/~text?txtsize=55&txt=125x59&w=125&h=59
814,57,https://placeimg.com/934/666/any
856,90,https://placekitten.com/873/793
550,91,https://dummyimage.com/314x925
59,47,https://placeholdit.imgix.net/~text?txtsize=55&txt=660x789&w=660&h=789
692,46,https://placekitten.com/683/41
241,9,https://placekitten.com/616/191
89,34,https://placekitten.com/884/589
711,48,https://placeimg.com/360/753/any
522,47,https://dummyimage.com/348x141
413,80,https://placeimg.com/539/860/any
134,12,https://placeholdit.imgix.net/~text?txtsize=55&txt=388x774&w=388&h=774
70,123,https://placeimg.com/680/305/any
710,104,https://placeimg.com/449/128/any
73,57,https://www.lorempixel.com/253/714
29,124,https://placeholdit.imgix.net/~text?txtsize=55&txt=524x926&w=524&h=926
361,64,https://placekitten.com/658/717
962,51,https://placeholdit.imgix.net/~text?txtsize=55&txt=595x638&w=595&h=638
892,91,https://dummyimage.com/561x40
845,79,https://placeimg.com/778/420/any
399,125,https://placeimg.com/478/620/any
501,21,https://placeholdit.imgix.net/~text?txtsize=55&txt=653x572&w=653&h=572
860,57,https://dummyimage.com/1000x204
459,26,https://placeimg.com/64/165/any
10,78,https://placekitten.com/931/622
722,4,https://placeholdit.imgix.net/~text?txtsize=55&txt=932x194&w=932&h=194
78,72,https://dummyimage.com/416x280
598,63,https://placekitten.com/209/925
35,39,https://placeholdit.imgix.net/~text?txtsize=55&txt=105x495&w=105&h=495
401,70,https://www.lorempixel.com/282/597
198,10,https://placekitten.com/444/433
775,3,https://placeholdit.imgix.net/~text?txtsize=55&txt=1014x36&w=1014&h=36
604,85,https://placeholdit.imgix.net/~text?txtsize=55&txt=160x834&w=160&h=834
976,126,https://placeimg.com/392/286/any
313,57,https://placeholdit.imgix.net/~text?txtsize=55&txt=753x223&w=753&h=223
246,89,https://placeimg.com/251/530/any
697,58,https://placeimg.com/45/992/any
941,79,https://www.lorempixel.com/524/233
39,21,https://placekitten.com/447/529
997,36,https://placeholdit.imgix.net/~text?txtsize=55&txt=310x227&w=310&h=227
579,124,https://placeimg.com/734/496/any
360,5,https://placeholdit.imgix.net/~text?txtsize=55&txt=304x343&w=304&h=343
569,37,https://placeimg.com/442/259/any
206,119,https://placeimg.com/965/724/any
544,63,https://placeimg.com/105/894/any
733,62,https://placekitten.com/339/482
92,29,https://placeholdit.imgix.net/~text?txtsize=55&txt=320x351&w=320&h=351
182,105,https://placeholdit.imgix.net/~text?txtsize=55&txt=325x611&w=325&h=611
223,21,https://www.lorempixel.com/896/267
387,68,https://placekitten.com/580/235
624,1,https://placekitten.com/286/757
440,89,https://placeholdit.imgix.net/~text?txtsize=55&txt=412x740&w=412&h=740
175,29,https://placeholdit.imgix.net/~text?txtsize=55&txt=221x790&w=221&h=790
93,7,https://placeholdit.imgix.net/~text?txtsize=55&txt=410x265&w=410&h=265
143,99,https://placeimg.com/270/737/any
625,29,https://dummyimage.com/0x944
69,22,https://placekitten.com/488/855
407,87,https://dummyimage.com/905x298
865,67,https://placeimg.com/381/466/any
592,32,https://dummyimage.com/457x994
833,125,https://dummyimage.com/902x955
875,83,https://placekitten.com/683/433
825,15,https://placeimg.com/465/694/any
435,96,https://placeimg.com/50/166/any
470,1,https://placekitten.com/985/306
801,54,https://www.lorempixel.com/538/207
975,5,https://placekitten.com/979/232
21,119,https://placekitten.com/52/283
848,53,https://dummyimage.com/39x679
708,80,https://placeimg.com/236/870/any
756,16,https://placeimg.com/129/555/any
768,97,https://www.lorempixel.com/975/781
283,30,https://placekitten.com/667/438
552,77,https://placeholdit.imgix.net/~text?txtsize=55&txt=351x144&w=351&h=144
408,74,https://www.lorempixel.com/833/655
279,42,https://dummyimage.com/695x396
242,2,https://www.lorempixel.com/263/399
439,64,https://placeholdit.imgix.net/~text?txtsize=55&txt=193x306&w=193&h=306
412,30,https://placekitten.com/1/6
90,116,https://www.lorempixel.com/405/63
686,89,https://dummyimage.com/159x649
22,26,https://placekitten.com/983/645
538,32,https://www.lorempixel.com/524/564
117,71,https://placeholdit.imgix.net/~text?txtsize=55&txt=157x34&w=157&h=34
221,48,https://dummyimage.com/113x806
452,106,https://placeholdit.imgix.net/~text?txtsize=55&txt=298x624&w=298&h=624
339,97,https://placekitten.com/845/227
44,66,https://www.lorempixel.com/65/938
124,65,https://placeholdit.imgix.net/~text?txtsize=55&txt=599x16&w=599&h=16
46,51,https://placeholdit.imgix.net/~text?txtsize=55&txt=207x925&w=207&h=925
599,47,https://placeimg.com/161/89/any
467,66,https://www.lorempixel.com/720/827
263,56,https://placeimg.com/763/747/any
365,54,https://dummyimage.com/384x309
370,3,https://dummyimage.com/803x348
858,68,https://placekitten.com/1/190
788,77,https://dummyimage.com/629x374
795,96,https://dummyimage.com/995x114
916,38,https://placeholdit.imgix.net/~text?txtsize=55&txt=420x761&w=420&h=761
977,7,https://dummyimage.com/53x961
376,16,https://dummyimage.com/609x767
204,34,https://dummyimage.com/334x990
50,61,https://www.lorempixel.com/495/850
199,65,https://www.lorempixel.com/219/940
400,18,https://placeholdit.imgix.net/~text?txtsize=55&txt=606x43&w=606&h=43
951,28,https://placekitten.com/711/364
481,124,https://www.lorempixel.com/715/72
448,33,https://placekitten.com/65/513
923,114,https://placeimg.com/95/774/any
863,39,https://dummyimage.com/181x459
758,15,https://placeimg.com/730/1011/any
469,104,https://www.lorempixel.com/551/0
402,95,https://dummyimage.com/293x39
678,54,https://www.lorempixel.com/615/5
58,80,https://placeimg.com/83/805/any
258,7,https://www.lorempixel.com/711/452
306,44,https://placeimg.com/869/112/any
777,95,https://placeholdit.imgix.net/~text?txtsize=55&txt=1022x492&w=1022&h=492
159,87,https://placeimg.com/514/152/any
437,74,https://dummyimage.com/810x581
33,50,https://placekitten.com/338/967
905,104,https://www.lorempixel.com/617/336
264,19,https://placeholdit.imgix.net/~text?txtsize=55&txt=761x938&w=761&h=938
946,22,https://placekitten.com/71/750
188,88,https://dummyimage.com/656x924
465,117,https://placekitten.com/694/719
457,68,https://dummyimage.com/452x984
2,46,https://www.lorempixel.com/984/122
185,52,https://placeholdit.imgix.net/~text?txtsize=55&txt=197x532&w=197&h=532
889,56,https://placeimg.com/904/98/any
966,108,https://placeimg.com/397/937/any
803,14,https://placekitten.com/367/517
170,71,https://placeimg.com/768/746/any
680,46,https://placekitten.com/893/552
95,125,https://placekitten.com/472/207
312,61,https://placeholdit.imgix.net/~text?txtsize=55&txt=784x830&w=784&h=830
503,99,https://placeholdit.imgix.net/~text?txtsize=55&txt=757x382&w=757&h=382
870,97,https://dummyimage.com/989x124
790,3,https://placekitten.com/424/666
212,23,https://www.lorempixel.com/612/524
195,55,https://dummyimage.com/609x876
441,17,https://placeholdit.imgix.net/~text?txtsize=55&txt=1021x1006&w=1021&h=1006
334,3,https://www.lorempixel.com/1007/926
908,87,https://www.lorempixel.com/781/176
316,25,https://www.lorempixel.com/173/922
154,51,https://placeholdit.imgix.net/~text?txtsize=55&txt=578x782&w=578&h=782
564,109,https://dummyimage.com/89x445
989,11,https://dummyimage.com/458x677
952,14,https://placeholdit.imgix.net/~text?txtsize=55&txt=917x519&w=917&h=519
272,103,https://dummyimage.com/970x832
932,65,https://placeholdit.imgix.net/~text?txtsize=55&txt=307x528&w=307&h=528
990,18,https://placekitten.com/422/370
60,33,https://dummyimage.com/225x684
866,20,https://placeimg.com/462/919/any
392,77,https://placeimg.com/192/388/any
20,64,https://placeholdit.imgix.net/~text?txtsize=55&txt=955x10&w=955&h=10
828,41,https://placeimg.com/959/599/any
972,37,https://dummyimage.com/712x938
270,83,https://www.lorempixel.com/234/234
769,17,https://dummyimage.com/934x697
748,102,https://www.lorempixel.com/921/941
922,64,https://placeimg.com/600/801/any
97,91,https://placeholdit.imgix.net/~text?txtsize=55&txt=898x877&w=898&h=877
810,77,https://placeholdit.imgix.net/~text?txtsize=55&txt=903x912&w=903&h=912
811,93,https://dummyimage.com/938x317
231,115,https://dummyimage.com/1018x554
644,22,https://www.lorempixel.com/181/149
785,44,https://placeholdit.imgix.net/~text?txtsize=55&txt=825x126&w=825&h=126
911,86,https://www.lorempixel.com/364/733
311,79,https://placeholdit.imgix.net/~text?txtsize=55&txt=816x968&w=816&h=968
225,53,https://placekitten.com/969/183
292,106,https://dummyimage.com/48x465
17,51,https://dummyimage.com/253x256
471,100,https://placeholdit.imgix.net/~text?txtsize=55&txt=598x734&w=598&h=734
876,125,https://placeimg.com/936/293/any
983,103,https://placekitten.com/96/366
325,74,https://placeimg.com/216/164/any
653,42,https://placekitten.com/797/814
662,4,https://placeholdit.imgix.net/~text?txtsize=55&txt=189x328&w=189&h=328
115,105,https://www.lorempixel.com/693/315
502,54,https://placeholdit.imgix.net/~text?txtsize=55&txt=115x343&w=115&h=343
445,99,https://dummyimage.com/322x303
291,68,https://www.lorempixel.com/102/804
108,67,https://placeimg.com/630/882/any
615,22,https://placekitten.com/204/81
553,27,https://placeimg.com/633/358/any
787,3,https://placeimg.com/924/136/any
497,113,https://placekitten.com/719/342
741,8,https://dummyimage.com/58x114
75,62,https://www.lorempixel.com/933/329
709,74,https://placeholdit.imgix.net/~text?txtsize=55&txt=309x491&w=309&h=491
689,93,https://placeimg.com/88/188/any
674,26,https://dummyimage.com/652x999
887,96,https://www.lorempixel.com/369/511
626,87,https://placekitten.com/304/484
888,27,https://dummyimage.com/29x380
131,40,https://placekitten.com/311/492
220,49,https://www.lorempixel.com/121/355
910,22,https://placeholdit.imgix.net/~text?txtsize=55&txt=252x194&w=252&h=194
525,43,https://dummyimage.com/677x384
993,81,https://www.lorempixel.com/243/211
305,57,https://placekitten.com/698/440
254,121,https://www.lorempixel.com/795/889
602,59,https://placekitten.com/623/427
338,9,https://placeholdit.imgix.net/~text?txtsize=55&txt=106x57&w=106&h=57
381,108,https://www.lorempixel.com/796/71
347,104,https://placeholdit.imgix.net/~text?txtsize=55&txt=838x508&w=838&h=508
755,69,https://www.lorempixel.com/265/861
759,14,https://placeimg.com/786/606/any
646,111,https://placeholdit.imgix.net/~text?txtsize=55&txt=1002x857&w=1002&h=857
791,123,https://dummyimage.com/945x209
614,5,https://dummyimage.com/89x566
906,107,https://www.lorempixel.com/354/706
192,8,https://dummyimage.com/295x793
329,95,https://placekitten.com/200/185
909,63,https://www.lorempixel.com/276/65
917,26,https://placekitten.com/70/604
228,87,https://www.lorempixel.com/485/396
41,96,https://www.lorempixel.com/358/39
447,70,https://placeimg.com/939/214/any
688,74,https://dummyimage.com/216x831
453,54,https://placeholdit.imgix.net/~text?txtsize=55&txt=828x1016&w=828&h=1016
822,74,https://dummyimage.com/485x153
382,56,https://www.lorempixel.com/684/691
36,26,https://www.lorempixel.com/647/303
713,83,https://placeholdit.imgix.net/~text?txtsize=55&txt=632x174&w=632&h=174
216,22,https://dummyimage.com/808x703
968,9,https://placeimg.com/707/856/any
864,42,https://placeholdit.imgix.net/~text?txtsize=55&txt=303x297&w=303&h=297
229,51,https://placekitten.com/796/222
186,41,https://www.lorempixel.com/727/660
193,56,https://dummyimage.com/471x46
732,118,https://placeimg.com/142/320/any
261,90,https://dummyimage.com/66x509
389,55,https://placekitten.com/380/604
884,3,https://placeimg.com/521/1018/any
328,64,https://dummyimage.com/281x956
388,74,https://dummyimage.com/413x758
974,74,https://placekitten.com/638/864
837,126,https://dummyimage.com/19x332
65,28,https://dummyimage.com/214x631
126,45,https://dummyimage.com/430x171
666,91,https://placeholdit.imgix.net/~text?txtsize=55&txt=491x526&w=491&h=526
473,65,https://www.lorempixel.com/985/1022
763,36,https://placeimg.com/515/156/any
683,5,https://placeimg.com/619/350/any
512,12,https://placekitten.com/175/664
942,86,https://placeholdit.imgix.net/~text?txtsize=55&txt=526x518&w=526&h=518
450,68,https://www.lorempixel.com/811/38
358,26,https://placeimg.com/599/567/any
563,41,https://placeimg.com/181/331/any
385,118,https://placeholdit.imgix.net/~text?txtsize=55&txt=597x863&w=597&h=863
34,101,https://placeholdit.imgix.net/~text?txtsize=55&txt=549x412&w=549&h=412
410,39,https://www.lorempixel.com/273/282
252,82,https://placeholdit.imgix.net/~text?txtsize=55&txt=108x739&w=108&h=739
153,18,https://placeholdit.imgix.net/~text?txtsize=55&txt=905x603&w=905&h=603
425,36,https://dummyimage.com/415x964
120,11,https://placeholdit.imgix.net/~text?txtsize=55&txt=978x726&w=978&h=726
38,95,https://placeholdit.imgix.net/~text?txtsize=55&txt=941x760&w=941&h=760
276,45,https://placeimg.com/685/31/any
372,17,https://dummyimage.com/478x1024
297,13,https://dummyimage.com/407x814
3,117,https://www.lorempixel.com/644/353
634,40,https://placekitten.com/494/916
128,33,https://placeholdit.imgix.net/~text?txtsize=55&txt=620x683&w=620&h=683
428,106,https://placekitten.com/295/462
806,23,https://placekitten.com/19/893
111,19,https://dummyimage.com/63x482
294,10,https://dummyimage.com/585x351
890,79,https://placekitten.com/674/48
146,121,https://placeholdit.imgix.net/~text?txtsize=55&txt=340x147&w=340&h=147
433,106,https://placeimg.com/783/779/any
661,117,https://www.lorempixel.com/367/307
277,9,https://placekitten.com/313/343
956,82,https://placeimg.com/689/995/any
495,52,https://placekitten.com/53/469
583,81,https://dummyimage.com/577x700
330,51,https://placeholdit.imgix.net/~text?txtsize=55&txt=230x717&w=230&h=717
752,66,https://placeimg.com/171/562/any
340,80,https://placekitten.com/993/536
468,22,https://dummyimage.com/830x1003
129,125,https://www.lorempixel.com/622/404
158,40,https://placeholdit.imgix.net/~text?txtsize=55&txt=374x943&w=374&h=943
698,58,https://placeimg.com/163/290/any
76,56,https://www.lorempixel.com/570/312
321,55,https://www.lorempixel.com/145/437
31,23,https://placekitten.com/578/737
928,65,https://placeimg.com/792/255/any
545,47,https://dummyimage.com/674x898
582,55,https://dummyimage.com/824x73
576,12,https://placeimg.com/169/282/any
967,123,https://placeimg.com/936/843/any
442,65,https://dummyimage.com/704x568
808,47,https://placeimg.com/149/598/any
524,98,https://placeholdit.imgix.net/~text?txtsize=55&txt=713x212&w=713&h=212
345,36,https://placeholdit.imgix.net/~text?txtsize=55&txt=460x959&w=460&h=959
479,7,https://placeholdit.imgix.net/~text?txtsize=55&txt=459x960&w=459&h=960
970,114,https://placeholdit.imgix.net/~text?txtsize=55&txt=403x163&w=403&h=163
296,21,https://placeimg.com/176/687/any
64,54,https://placekitten.com/119/541
462,63,https://placeholdit.imgix.net/~text?txtsize=55&txt=713x992&w=713&h=992
998,70,https://placeimg.com/120/1020/any
214,54,https://placekitten.com/860/314
902,26,https://placeimg.com/834/738/any
66,19,https://placeimg.com/246/326/any
61,67,https://dummyimage.com/599x40
635,111,https://dummyimage.com/34x285
991,74,https://www.lorempixel.com/776/328
492,5,https://placekitten.com/314/564
619,59,https://www.lorempixel.com/976/270
278,37,https://placeholdit.imgix.net/~text?txtsize=55&txt=291x363&w=291&h=363
622,54,https://dummyimage.com/241x629
882,10,https://www.lorempixel.com/167/532
373,7,https://placeholdit.imgix.net/~text?txtsize=55&txt=131x265&w=131&h=265
205,123,https://placekitten.com/316/920
160,111,https://placeholdit.imgix.net/~text?txtsize=55&txt=632x654&w=632&h=654
901,16,https://placekitten.com/331/434
317,46,https://placekitten.com/487/914
208,95,https://dummyimage.com/189x160
603,112,https://www.lorempixel.com/1014/254
37,9,https://dummyimage.com/850x287
359,117,https://placeholdit.imgix.net/~text?txtsize=55&txt=470x493&w=470&h=493
477,50,https://placekitten.com/306/76
504,63,https://placekitten.com/227/560
596,25,https://placeholdit.imgix.net/~text?txtsize=55&txt=143x39&w=143&h=39
493,112,https://placekitten.com/81/339
852,26,https://placekitten.com/8/423
384,48,https://dummyimage.com/450x527
873,110,https://placeimg.com/748/328/any
251,45,https://dummyimage.com/845x382
260,126,https://placeimg.com/608/788/any
720,22,https://placekitten.com/830/418
178,15,https://placeholdit.imgix.net/~text?txtsize=55&txt=184x966&w=184&h=966
773,82,https://placeimg.com/943/806/any
166,65,https://dummyimage.com/731x618
233,68,https://www.lorempixel.com/367/7
931,94,https://dummyimage.com/425x808
289,97,https://www.lorempixel.com/857/598
7,21,https://www.lorempixel.com/604/648
725,76,https://dummyimage.com/47x630
645,113,https://placeholdit.imgix.net/~text?txtsize=55&txt=123x903&w=123&h=903
541,15,https://www.lorempixel.com/76/856
324,75,https://www.lorempixel.com/928/743
456,86,https://dummyimage.com/303x325
257,84,https://placeimg.com/102/974/any
32,2,https://www.lorempixel.com/114/486
894,76,https://placeimg.com/672/63/any
356,75,https://placeimg.com/750/487/any
498,16,https://placeholdit.imgix.net/~text?txtsize=55&txt=189x736&w=189&h=736
585,32,https://placeholdit.imgix.net/~text?txtsize=55&txt=729x436&w=729&h=436
572,81,https://www.lorempixel.com/894/315
130,84,https://placeimg.com/336/378/any
287,88,https://www.lorempixel.com/116/430
196,2,https://www.lorempixel.com/738/230
507,13,https://placekitten.com/93/72
121,113,https://placeholdit.imgix.net/~text?txtsize=55&txt=1x735&w=1&h=735
482,68,https://placeimg.com/177/985/any
319,95,https://placeimg.com/719/320/any
879,102,https://www.lorempixel.com/112/277
113,25,https://placeholdit.imgix.net/~text?txtsize=55&txt=124x33&w=124&h=33
259,24,https://placekitten.com/184/244
747,122,https://www.lorempixel.com/925/438
724,65,https://placekitten.com/658/913
590,23,https://placeholdit.imgix.net/~text?txtsize=55&txt=164x958&w=164&h=958
140,29,https://placeholdit.imgix.net/~text?txtsize=55&txt=655x219&w=655&h=219
300,31,https://placeholdit.imgix.net/~text?txtsize=55&txt=614x754&w=614&h=754
332,32,https://placeholdit.imgix.net/~text?txtsize=55&txt=326x615&w=326&h=615
829,39,https://placeholdit.imgix.net/~text?txtsize=55&txt=927x720&w=927&h=720
985,113,https://dummyimage.com/191x391
606,72,https://placekitten.com/513/154
973,64,https://placekitten.com/456/908
295,110,https://placekitten.com/491/716
549,62,https://dummyimage.com/880x828
190,58,https://placekitten.com/187/18
673,65,https://placeimg.com/427/700/any
672,118,https://placeimg.com/591/906/any
849,93,https://placeimg.com/669/1024/any
610,35,https://dummyimage.com/371x242
523,33,https://placekitten.com/261/673
729,115,https://placekitten.com/221/257
731,16,https://placeimg.com/478/747/any
55,102,https://dummyimage.com/386x489
844,71,https://dummyimage.com/32x803
726,106,https://placeimg.com/863/842/any
353,122,https://placeimg.com/831/802/any
529,36,https://placeholdit.imgix.net/~text?txtsize=55&txt=423x284&w=423&h=284
743,122,https://dummyimage.com/168x880
430,86,https://placeholdit.imgix.net/~text?txtsize=55&txt=171x982&w=171&h=982
567,110,https://www.lorempixel.com/288/29
157,70,https://placekitten.com/838/293
767,38,https://www.lorempixel.com/528/106
988,5,https://placekitten.com/354/952
396,103,https://www.lorempixel.com/36/346
322,58,https://placeimg.com/285/890/any
612,105,https://dummyimage.com/412x748
630,23,https://placeimg.com/79/193/any
570,108,https://placeimg.com/403/492/any
308,124,https://placeholdit.imgix.net/~text?txtsize=55&txt=1009x779&w=1009&h=779
147,47,https://dummyimage.com/789x240
432,67,https://dummyimage.com/601x695
547,95,https://placeholdit.imgix.net/~text?txtsize=55&txt=245x686&w=245&h=686
687,104,https://placekitten.com/894/179
256,4,https://www.lorempixel.com/404/89
215,49,https://placeimg.com/375/36/any
232,90,https://dummyimage.com/422x933
774,17,https://www.lorempixel.com/29/112
268,47,https://placeimg.com/78/364/any
880,60,https://dummyimage.com/2x534
284,15,https://placeholdit.imgix.net/~text?txtsize=55&txt=119x337&w=119&h=337
804,115,https://placeimg.com/809/568/any
912,111,https://www.lorempixel.com/162/438
79,70,https://placeimg.com/975/709/any
883,61,https://placeimg.com/888/455/any
675,63,https://placekitten.com/271/557
302,121,https://dummyimage.com/956x347
320,26,https://placeimg.com/75/798/any
776,93,https://dummyimage.com/385x218
754,45,https://dummyimage.com/882x861
719,2,https://placeimg.com/929/1014/any
575,63,https://placeholdit.imgix.net/~text?txtsize=55&txt=157x540&w=157&h=540
100,24,https://placekitten.com/503/518
727,123,https://www.lorempixel.com/203/590
913,21,https://placeimg.com/642/879/any
559,51,https://placekitten.com/567/967
871,102,https://placeimg.com/175/90/any
490,11,https://placekitten.com/161/843
514,90,https://placekitten.com/436/194
395,126,https://placeholdit.imgix.net/~text?txtsize=55&txt=199x81&w=199&h=81
472,70,https://dummyimage.com/769x632
378,18,https://placeholdit.imgix.net/~text?txtsize=55&txt=105x149&w=105&h=149
723,101,https://www.lorempixel.com/891/816
310,52,https://placekitten.com/293/318
224,5,https://placeimg.com/608/599/any
751,8,https://placeimg.com/667/586/any
679,52,https://dummyimage.com/14x941
391,123,https://placeholdit.imgix.net/~text?txtsize=55&txt=675x381&w=675&h=381
637,94,https://www.lorempixel.com/320/956
667,54,https://placeimg.com/868/540/any
106,4,https://www.lorempixel.com/320/671
940,6,https://placeholdit.imgix.net/~text?txtsize=55&txt=843x821&w=843&h=821
314,42,https://placeholdit.imgix.net/~text?txtsize=55&txt=864x969&w=864&h=969
426,17,https://www.lorempixel.com/718/409
288,76,https://placeimg.com/117/913/any
179,18,https://dummyimage.com/645x62
772,99,https://www.lorempixel.com/931/317
45,74,https://placekitten.com/259/996
580,30,https://www.lorempixel.com/164/687
449,2,https://placekitten.com/434/310
877,48,https://dummyimage.com/644x316
616,4,https://www.lorempixel.com/381/348
770,70,https://placeimg.com/434/126/any
992,55,https://placeholdit.imgix.net/~text?txtsize=55&txt=248x533&w=248&h=533
797,1,https://dummyimage.com/674x957
562,93,https://placeholdit.imgix.net/~text?txtsize=55&txt=971x228&w=971&h=228
510,19,https://placekitten.com/511/180
282,91,https://placekitten.com/778/595
684,54,https://dummyimage.com/35x471
210,90,https://placeimg.com/586/4/any
110,77,https://placeholdit.imgix.net/~text?txtsize=55&txt=896x459&w=896&h=459
161,40,https://dummyimage.com/811x259
714,67,https://placekitten.com/414/827
740,55,https://placeimg.com/683/682/any
26,125,https://placekitten.com/153/34
423,5,https://placekitten.com/315/1022
163,8,https://dummyimage.com/996x912
784,48,https://placekitten.com/166/882
953,86,https://dummyimage.com/107x758
681,34,https://placeimg.com/992/524/any
895,68,https://placeholdit.imgix.net/~text?txtsize=55&txt=867x596&w=867&h=596
617,37,https://www.lorempixel.com/966/713
43,10,https://dummyimage.com/892x537
591,92,https://placeholdit.imgix.net/~text?txtsize=55&txt=288x448&w=288&h=448
715,114,https://placeholdit.imgix.net/~text?txtsize=55&txt=129x796&w=129&h=796
823,7,https://placekitten.com/564/578
832,117,https://www.lorempixel.com/528/499
429,83,https://placekitten.com/772/65
508,62,https://placeholdit.imgix.net/~text?txtsize=55&txt=679x789&w=679&h=789
374,38,https://placeholdit.imgix.net/~text?txtsize=55&txt=901x817&w=901&h=817
816,84,https://dummyimage.com/1006x600
139,111,https://placeholdit.imgix.net/~text?txtsize=55&txt=553x430&w=553&h=430
699,100,https://placekitten.com/997/424
80,37,https://placeholdit.imgix.net/~text?txtsize=55&txt=703x243&w=703&h=243
