1,New Hampshire Norma Field,Morning Star
2,Iowa Nicholas Island,Soft Snow
3,South Carolina Evans Road,Broken Truth
4,Utah Sandoval Forges,Square Voice
5,Wyoming Amanda Neck,Icy Cherry
6,Montana Cheryl Ford,Crimson Glade
7,Arkansas Haley Bypass,Spring Dust
8,Missouri Soto Turnpike,Polished Feather
9,Alabama Jones Roads,Withered Resonance
10,California Morris Oval,Polished Night
11,Minnesota Martin Walk,Restless Water
12,Pennsylvania Owens Throughway,Lingering Field
13,North Dakota Wilson Viaduct,Misty Art
14,West Virginia Jackson Ports,Shy Hall
15,Alaska Sherman Place,Little Shape
16,Nevada Sawyer Trafficway,Sweet Bonus
17,Rhode Island Crawford Brook,Aged Tooth
18,Michigan Stark Green,Snowy Lab
19,Maryland Savannah Fall,Odd Bar
20,Ohio Tyler Orchard,Orange Surf
21,Virginia Emily Summit,Nameless Band
22,Washington Case Isle,Young Bird
23,Michigan Rivera Common,Ancient Boat
24,Oregon Smith Lakes,Blue Shadow
25,Colorado Ortega Knoll,Rapid Butterfly
26,New Hampshire Matthew Port,Quiet Rain
27,Nebraska Murphy Wall,Cold Thunder
28,West Virginia Berry Locks,Misty Violet
29,Ohio Caitlin Vista,Hidden Grass
30,Rhode Island Victoria Dale,Blue Forest
31,Massachusetts Powell Extension,Rapid Pond
32,Virginia Hancock Lane,Royal Base
33,New Mexico Desiree Manors,Yellow Resonance
34,Colorado Jerry Heights,Throbbing Thunder
35,California Murphy Forest,Winter Cherry
36,Connecticut Rollins Villages,Calm Mountain
37,New York Becker Station,Frosty Shape
38,California Kenneth Divide,Snowy Union
39,Vermont Coleman Rest,Silent Leaf
40,Illinois Ball Divide,Raspy Poetry
41,Ohio Barrera Parkway,Empty Wood
42,Iowa Melissa Dam,Black Scene
43,Pennsylvania Leon Extensions,Green Bread
44,Louisiana Rachel Port,Little Boat
45,Hawaii Clark Ports,Shiny Math
46,California Heidi Well,Dawn Paper
47,Louisiana Vicki Shores,Icy Pond
48,Maryland Ward Wall,Rough Firefly
49,South Dakota Rivera Lights,White Firefly
50,Idaho Ochoa Island,Withered Dream
51,South Carolina Kayla Islands,Frosty Mouse
52,North Dakota Jasmin Islands,Fragrant Butterfly
53,Utah Sanchez Forest,Orange Mouse
54,New York Robert Glen,Cold Glade
55,South Carolina Connor Island,Royal Forest
56,Indiana Jason Streets,Winter Bush
57,Wisconsin Williams Island,Old Thunder
58,Oregon Hansen Greens,Cold Violet
59,Kansas Caitlin Islands,Square Hall
60,Nevada Leslie Dale,Green Base
61,South Carolina Ruiz Key,Raspy Heart
62,Rhode Island Martinez Alley,Dry Salad
63,Connecticut Richard Station,Lively Wind
64,Oklahoma Amber Unions,Green Cake
65,Oklahoma Dickson Turnpike,Broad Haze
66,Connecticut Dwayne Isle,Icy Block
67,Hawaii Ramirez Ferry,Black Waterfall
68,Nevada Miller Path,Hidden Tree
69,Rhode Island Davis Mountains,Aged Thunder
70,Washington Durham Fall,Ancient Disk
71,New Jersey Victoria Mill,Green Mud
72,Utah Nathan Estate,Super Scene
73,Arizona Dylan Terrace,Blue Snowflake
74,Washington Emily Hill,Noisy Thunder
75,Arizona Elliott Glens,Shrill Tree
76,Oklahoma Christina Ports,Snowy Queen
77,Alaska Tina Island,Icy Shape
78,North Dakota Brenda Curve,Black Sun
79,Wyoming Jorge Mountains,Withered Truth
80,Oklahoma Rios Forks,Mute Dew
81,Idaho Tiffany Stravenue,Broad Sound
82,Texas Nicholas View,Patient Darkness
83,Alabama Tyler Cliff,Sweet Base
84,Ohio Hannah Gardens,Late Block
85,Florida Mcintosh Station,Calm Grass
86,Florida Ellis Ridges,Tight Sun
87,Alaska Hunter Manor,Cool Limit
88,New York Donovan Ways,Throbbing Thunder
89,Alabama Joan Motorway,Noisy Bird
90,North Dakota Jennifer Route,Odd Mouse
91,South Dakota Diana Avenue,Patient Dream
92,West Virginia Taylor Flat,Tight Recipe
93,Tennessee Steven Park,Dark Moon
94,California Flowers Mount,Curly Darkness
95,Virginia Judy Cove,Fragrant Moon
96,New Hampshire Angela Creek,Muddy Shape
97,Delaware Graham Valley,Quiet Sound
98,Minnesota Davis Burgs,Winter Sunset
99,Nebraska Allen Crossing,Fancy Star
100,Colorado Noah Mill,Cold Math
101,North Carolina Bowen Ramp,Square Scene
102,Illinois Campbell Club,Soft Brook
103,Nevada Brown Camp,Calm Bonus
104,Nebraska Ana Well,Green Dust
105,Nebraska Samantha Wall,Yellow Scene
106,North Carolina Lauren Crest,Muddy Morning
107,New Hampshire Michael Loaf,Proud Pine
108,South Carolina Saunders Bypass,Spring Fire
109,Utah Stephen Walk,Jolly Moon
110,Missouri Richard Falls,Young Smoke
111,Pennsylvania Christopher Fort,Lingering Bar
112,Arizona Michael Stravenue,Raspy Sun
113,Connecticut Rojas Highway,Withered Mouse
114,Ohio Ronnie Courts,Falling Mud
115,North Carolina Jessica Cliff,Square Queen
116,Mississippi Wade Flats,Empty Leaf
117,Vermont Brown Locks,Cool Water
118,Connecticut Hayes Ridges,Fancy Dawn
119,Connecticut Melissa Lake,Holy Sea
120,Maine Reyes Brooks,Wild Snowflake
121,Iowa Kennedy Mountain,Sweet Queen
122,Pennsylvania William Creek,White Mouse
123,New Jersey White Ford,White Brook
124,Connecticut Nunez Field,Patient Math
125,North Dakota James Dam,Wandering Wave
126,Georgia Nguyen Extension,Lingering Voice
127,North Dakota Nelson Lakes,Black Field
128,Washington Wright Mill,Orange Mountain
129,Ohio Johnson Square,Plain Water
130,New Hampshire Tucker Mews,Bitter Cherry
131,New Mexico Smith Drives,Black Smoke
132,Delaware Peterson Lodge,Winter Cloud
133,Arizona Cardenas Lodge,Blue Mud
134,New York Nicole Junction,Still Math
135,Ohio Martinez Roads,Wandering Paper
136,Colorado Clark Junctions,Billowing Violet
137,Alabama Cooley Cove,Orange Violet
138,Hawaii Mary Estates,Hidden Snowflake
139,Kentucky Castillo Rue,Winter Darkness
140,California Logan Plaza,Rapid Tooth
141,Illinois Jared Springs,Round Dawn
142,Florida Hughes Locks,Snowy Lab
143,Texas Lee Creek,Morning Moon
144,Iowa Reynolds Turnpike,Restless Sky
145,Virginia Daniel Junctions,Yellow Water
146,Michigan Joseph Circle,Billowing Pine
147,Mississippi Christopher Groves,Blue Dust
148,Nebraska Ashley Parks,Silent Shape
149,Michigan April Lake,Small Fog
150,Colorado Dalton Bypass,Icy Morning
151,Arkansas Wilkins Forge,Flat Wildflower
152,Minnesota Chen Manor,Square Mountain
153,New York Dustin Inlet,Flat Paper
154,Mississippi Breanna Drive,Fancy Dew
155,Wyoming Jonathan Divide,Dawn Art
156,Iowa James Overpass,Silent Union
157,Indiana Brown Knolls,Still Salad
158,Missouri John Dam,Proud Bird
159,Wyoming Jennifer Station,Lively Dust
160,Massachusetts Charles Lake,Jolly Lab
161,New Jersey Perez Islands,Bold Snowflake
162,Maryland Michael Village,Misty Heart
163,Mississippi David Plains,Solitary Cell
164,Alabama Daniel Causeway,Little Fire
165,Nevada Pamela Knoll,Still Moon
166,Minnesota Wiggins Union,Wandering Glade
167,Ohio Jones Crest,Falling Frost
168,Alabama Stephanie Valley,Wild Credit
169,Iowa Wells Rapids,Shiny Cake
170,Nevada Christopher Crossroad,Wispy Pine
171,Colorado Contreras Island,Dark Limit
172,New Hampshire Nancy Center,Patient Term
173,Arizona Newton Island,Dark Salad
174,Utah Brown Lodge,Quiet Mouse
175,Missouri Kelly Mews,Bold Wood
176,Pennsylvania Wright Center,Rapid Block
177,North Carolina Arnold Village,Old Flower
178,Alaska Krista Rest,Rapid Field
179,Arkansas Justin Falls,Rough Butterfly
180,Rhode Island Jonathan Parks,Shrill Dawn
181,North Dakota Turner Islands,Orange Moon
182,Oregon Kenneth Isle,Delicate Fog
183,Maryland Heather Mountains,Restless Lake
184,South Dakota Green Falls,Rapid Mountain
185,Arizona Teresa Plaza,Sweet Cell
186,Colorado Jessica Squares,Lively Shape
187,Montana Christopher Glens,Bold Recipe
188,Mississippi Jessica Mall,Blue Art
189,Maine Jesse Lights,Billowing Sea
190,California Baker Cove,Little Lake
191,Illinois Gross Lane,Young Shape
192,Oklahoma Rachael Rapid,Bold Butterfly
193,Virginia Nguyen Club,Patient Truth
194,Nebraska Flores Gateway,Proud Sound
195,Missouri Michelle Lodge,Tight Tooth
196,North Dakota Fuller Crest,Round Sun
197,Tennessee Turner Crossing,Red Shape
198,Oklahoma Melissa Track,Black Fire
199,Hawaii Fowler Greens,Restless Grass
200,Kentucky Linda Loaf,Weathered Fog
201,Maryland Jennifer Ridges,Lively Snow
202,Alaska Schroeder Expressway,Ancient Wave
203,Florida Christina Pines,Gentle Salad
204,New Jersey Pacheco Roads,Curly Cherry
205,Indiana Whitney Valley,Soft Band
206,Pennsylvania Crawford Turnpike,Empty Union
207,Alaska Samantha Lake,Bitter Hat
208,Georgia Alison Prairie,Still Cloud
209,North Dakota Kane Hollow,Summer Dream
210,Tennessee Reyes Crescent,Small Cherry
211,Arizona Madison Stravenue,Cool Cell
212,Indiana Compton Locks,Bitter Shadow
213,Maryland Cordova Ports,Noisy Hall
214,Tennessee Jimenez Trail,Cool Pond
215,Mississippi Victoria Mission,Sparkling Snow
216,Ohio Christina Expressway,Wandering Term
217,Maine Jose Ford,Dark Shadow
218,Alabama Weaver Lock,Falling Haze
219,California Wendy Green,Summer Scene
220,Idaho Angela Mountain,Tight Paper
221,Indiana Charles Port,Purple Surf
222,Washington Robertson Lodge,Calm Breeze
223,Nebraska Mckinney Shore,Calm Water
224,Florida Hughes Passage,Winter Boat
225,Connecticut Bright Shoals,Still Bush
226,Idaho Banks Causeway,Bold Water
227,New Jersey Martha Meadow,Withered Disk
228,Massachusetts Beth Mission,Tiny Water
229,Oregon Jennifer Rapids,Silent Art
230,Tennessee Perez Stream,Black Water
231,Arkansas Bean Route,Plain Meadow
232,Alaska Hill Mount,Polished Fire
233,Tennessee Robert Terrace,Crimson Heart
234,Washington Lori Well,Aged Lake
235,Connecticut Angela Wells,Plain Glade
236,Delaware Weber Circle,Odd Queen
237,Virginia Erica Harbor,Frosty Brook
238,New Hampshire Mason Road,Withered Band
239,Pennsylvania Frank Skyway,Tight Fog
240,Delaware Wendy Landing,Muddy Silence
241,Wyoming Erika Rest,Wandering Sun
242,Hawaii Collins Pine,Wild Silence
243,North Carolina Nichole Mill,Calm Butterfly
244,Oklahoma Mays Common,Wild Rice
245,Ohio Jennifer Road,Mute Credit
246,Arizona Miller Street,Red Credit
247,Georgia Gonzalez Mall,Divine Glitter
248,Kansas Jennings Village,Steep Haze
249,Connecticut Brown Village,Raspy Forest
250,California Kevin Highway,Billowing Waterfall
251,Pennsylvania Ruiz Crescent,Sweet Tooth
252,Washington Wilkins Via,Curly Field
253,Oregon Victoria Walks,Lucky Fire
254,Rhode Island Kimberly Island,Dry Bonus
255,Wisconsin Robert Forge,Lively Art
256,Maine Johnson Port,Shrill Bush
257,Missouri Smith Expressway,Throbbing Forest
258,Michigan Levine Grove,Small Queen
259,Arizona Cunningham Mount,Ancient Scene
260,Alabama Moore Shore,Floral Bread
261,Vermont Noah Gateway,Black Band
262,Maryland Johnston Crescent,Withered Field
263,Hawaii Stevenson Manor,Black Cell
264,South Dakota Franklin Junction,Restless Sun
265,Nevada Nelson Estate,Cool Smoke
266,North Dakota Jonathan Spring,Lingering Bird
267,North Dakota Sarah Square,Quiet Hill
268,New York Reeves Corners,Green Paper
269,Illinois Samantha Creek,Proud Heart
270,New York Benjamin Haven,Royal Wildflower
271,New Mexico Larson Dale,Muddy Moon
272,Wyoming Reese Run,Fragrant Tree
273,Oklahoma Gonzalez Motorway,Nameless Dew
274,Utah Cross Lakes,Dawn Queen
275,Maryland William Centers,Autumn Field
276,Wyoming Levine Fields,Bold Glitter
277,Delaware Tiffany Greens,Shrill Resonance
278,South Dakota Abigail Overpass,Noisy Tree
279,Virginia Thomas Corner,Silent Surf
280,Oregon Donald Ramp,Bitter Recipe
281,Alaska Gray Drives,Empty Field
282,Louisiana Vargas Falls,Billowing Hat
283,Arizona Rodney Flat,Young Art
284,Utah Brown Meadows,Falling Math
285,California Baker Neck,Proud Brook
286,Alabama Logan Crest,Tight Queen
287,Arkansas Mckenzie Stravenue,Nameless Bonus
288,South Dakota Gomez Manors,Falling Darkness
289,Ohio Humphrey Streets,Restless Voice
290,North Dakota Tara Drive,Hidden Sun
291,New Jersey Kayla Keys,Fancy Resonance
292,Nebraska Hailey Courts,Plain Hat
293,Georgia Cabrera Crossroad,Dawn Darkness
294,Utah Robinson Prairie,Restless Boat
295,Massachusetts Bennett Well,Billowing Dust
296,Florida Melvin Avenue,Flat Surf
297,Rhode Island Lindsey Landing,Dry Cake
298,Georgia Lambert Shores,Noisy Paper
299,Indiana Brian Road,Patient Sun
300,New Hampshire Powell Mall,Green River
301,Ohio Kimberly Land,Small River
302,Iowa Martin Streets,Calm Recipe
303,Nebraska Johnny Skyway,Odd Tooth
304,Maine Waters Fort,Black Sea
305,Washington Rose Crest,Holy Snow
306,Pennsylvania Lee Mews,Wispy Shadow
307,South Dakota Deborah Ridges,Billowing Tooth
308,New York Wilson Crest,Silent Firefly
309,Iowa Rachel Lane,Rapid Grass
310,Arizona Thomas Rapid,Shy Scene
311,North Carolina Willie Path,Holy Feather
312,Massachusetts Gomez Court,Nameless Base
313,Rhode Island Santiago Viaduct,Winter Tree
314,New Jersey Hopkins Meadow,Dry Sun
315,Nebraska Gary Field,Steep Rice
316,Connecticut Kelly Wall,Bold Truth
317,Louisiana Cannon Extension,Billowing Sound
318,Nevada Johnson Port,Flat Art
319,Hawaii Paul Bridge,Holy Lake
320,Florida Reed Mill,Autumn Feather
321,Montana Jimenez Avenue,Broad Sea
322,Nebraska Monica Points,Green Smoke
323,Utah Logan Meadow,Green Cell
324,Louisiana Robert Trace,Curly Thunder
325,Connecticut Williams Inlet,Quiet Firefly
326,California Koch Shores,Tight Waterfall
327,Florida Wiggins Trace,Shrill Butterfly
328,Oklahoma Snyder Parkway,Little Mode
329,Washington Shannon Club,Bitter Glitter
330,Delaware Crystal Drives,Throbbing Voice
331,Florida Melinda Cape,Lively Rice
332,Louisiana Chad Street,Silent Boat
333,Oregon Ray Summit,Summer Snow
334,Missouri Colin Trail,Curly Sunset
335,Michigan David Dale,Noisy King
336,Hawaii Snyder Tunnel,Fancy Frost
337,Oregon Garcia Terrace,Odd Sea
338,South Dakota Smith Glens,Broad Sunset
339,Florida Townsend Hills,Wispy Glade
340,California Crystal Well,Spring Wildflower
341,Oregon Hopkins Spur,Polished Waterfall
342,Nevada Martinez Place,Blue Salad
343,Wisconsin Rodriguez Spur,Misty Rain
344,Oregon Norton Street,Shiny Art
345,Tennessee Alexander Lodge,Spring Limit
346,Maryland Phillips Shoals,Lively Forest
347,Ohio Mccormick Route,Misty Base
348,Mississippi Robbins Radial,Shrill Water
349,Texas Claudia Mountains,Jolly Hill
350,Arizona Scott Cliff,Royal Wave
351,Arkansas Stephen Pike,Noisy Sun
352,Kentucky Singleton Station,Lively Water
353,California Khan Divide,Polished Fire
354,Louisiana Wise Track,Falling Silence
355,Rhode Island Cruz Squares,Small Mud
356,Oklahoma Shannon Light,Dry Silence
357,Utah Cynthia Oval,Damp Voice
358,Arkansas Alvarez Estates,Wandering Grass
359,Hawaii Deborah Mountains,Fancy Pine
360,Oregon Lawrence Canyon,Shy Hill
361,Maryland Cynthia Glens,Wispy Waterfall
362,Nevada Elizabeth Court,Green Band
363,Idaho Erika Ford,Restless Lab
364,Washington Martin Port,Sweet Bush
365,Louisiana Byrd Orchard,Blue Dream
366,Maine Summers Groves,Rough Water
367,Florida Harry Neck,Weathered Thunder
368,New York Dillon Extension,Rapid Feather
369,Kentucky Michelle Plains,Lucky Tree
370,Idaho Angela Forge,Sparkling Sky
371,Wyoming Garcia Alley,Shiny Salad
372,Utah Roger Shore,Sparkling Shadow
373,Colorado Booth Drives,Snowy Hat
374,Michigan Scott Plains,Black Flower
375,South Dakota Tammy Rapid,Round Base
376,Arizona Bass Isle,Little Tree
377,Missouri Long Union,Billowing Salad
378,Texas Rodriguez Extensions,Weathered Glade
379,Vermont Clark Junction,Sparkling Flower
380,Alabama Booth Rest,Frosty Band
381,Colorado Austin Plaza,Sweet Bird
382,Kansas Jennifer Glen,Autumn Dream
383,Wisconsin Ferguson Key,Young Hall
384,Montana Tate Trafficway,Patient Limit
385,Arkansas Laura Lake,Polished Mode
386,Pennsylvania Hill Road,Throbbing Wind
387,Illinois Richard Expressway,Weathered Water
388,Missouri Nicholas Mission,Holy Violet
389,New Jersey Jennifer Mountain,Flat Union
390,Louisiana Ronald Common,Late Wave
391,Alabama Jesse Fields,Dark Frog
392,Michigan Adam Ferry,Restless Hall
393,Virginia Lisa Lake,Twilight Sea
394,New York Osborn Fort,Wispy Rice
395,Wyoming Bauer Avenue,Ancient Disk
396,Connecticut Douglas Squares,Lingering Snow
397,North Carolina Gonzalez Junctions,Orange Mud
398,South Dakota Curtis Forks,Odd Pond
399,Kentucky Gray Street,Lucky Recipe
400,Indiana Richard Trafficway,Super Glitter
401,Arkansas Julie Burg,Frosty Queen
402,Vermont Renee Views,Curly Dream
403,Connecticut Wright Port,Black Tooth
404,Kansas Ryan Summit,Snowy Snow
405,Maine Joshua Trail,Hidden Wave
406,Michigan Matthew Stream,Frosty Poetry
407,Delaware Christina Tunnel,Little Star
408,Indiana Alexander Mountains,Wandering River
409,Louisiana Cynthia Mill,Spring Math
410,Montana Thomas Well,Ancient Mode
411,Minnesota Marvin Orchard,Long Smoke
412,Wyoming Johnson Park,Damp Rain
413,Kentucky Velasquez Plaza,Blue Sea
414,Colorado Lopez Key,Fragrant Block
415,Colorado Brady Garden,Sweet Sunset
416,Michigan Kimberly Drives,Weathered Cell
417,Ohio Corey Vista,Yellow Bush
418,Maryland Kaitlin Mountains,Purple Bread
419,New Jersey Debra Street,Little Shadow
420,Georgia Maurice Glen,Flat Salad
421,Mississippi Moore Lakes,Morning Lab
422,Illinois Phillips Gardens,Empty Bar
423,West Virginia Kelly Mount,Morning King
424,Montana Kevin Summit,Polished Bush
425,Florida Theresa Fork,Billowing Queen
426,New Mexico Patrick Spring,Divine Sky
427,Texas Philip Canyon,Old Mouse
428,South Dakota James Extension,Jolly Sea
429,Mississippi Jason Dam,Dawn Heart
430,Oklahoma Morris Street,Quiet Breeze
431,New York Mata Well,Long Star
432,Indiana Tyrone Track,Wandering Fog
433,Tennessee Jared Island,Rapid Cell
434,Oregon Keith Ways,Billowing Lake
435,Arkansas Justin Circles,White Boat
436,Nevada James Mall,Royal Sea
437,North Carolina Eric Mall,Little Fire
438,Oregon Stevens Avenue,Misty Limit
439,Oregon Walker Vista,Green Band
440,Idaho Taylor Gardens,Small Lab
441,Alaska Miller Throughway,Still Scene
442,Rhode Island Carpenter Heights,Nameless Tree
443,Ohio Michelle Circles,Wandering Violet
444,South Carolina Jennings Extensions,Cold Lake
445,Indiana John Key,Square Cloud
446,Kentucky Terry Track,Holy Pond
447,West Virginia Brown Plaza,Holy King
448,Nebraska James Flat,Wild Smoke
449,Alaska John Lake,Long Resonance
450,Michigan David Rapid,Round Field
451,South Dakota Williams Village,Gentle Rain
452,Wisconsin Stacey Ports,Restless Truth
453,Oklahoma Anderson Route,Red Dream
454,Hawaii Alexander Burgs,Super Smoke
455,Arizona Alex Gateway,Broken Darkness
456,Michigan Hill Walks,Sweet Surf
457,South Carolina Scott Ports,Old Mud
458,Mississippi April Port,Shiny Term
459,Ohio Deleon Trail,Rapid Tooth
460,Washington Eddie Pass,Purple Base
461,Rhode Island Jennings Plaza,Dark Rain
462,Maryland David Station,Snowy Field
463,New Mexico Nathan Mews,Fragrant Wave
464,Pennsylvania Laurie View,Throbbing Frost
465,Arkansas French Keys,Empty Base
466,Mississippi Andrew Crossroad,Orange Poetry
467,Idaho Morales Motorway,Fragrant Block
468,South Carolina Jorge Spur,Noisy Wood
469,Georgia Walter Track,Soft Leaf
470,Florida Michael Cape,Lively Thunder
471,Montana John Forges,Muddy Glitter
472,Maine Anderson Route,Young Snow
473,Utah Woods Row,Steep Pine
474,Idaho Kyle Fields,Fragrant Violet
475,Kansas Perry Fields,Raspy Haze
476,Iowa Samantha Wall,Damp Water
477,Nebraska Davis Neck,Old Dew
478,Illinois Diaz Pass,Delicate Smoke
479,Alaska Lori Grove,Winter King
480,Pennsylvania Christian Isle,Gentle Snow
481,Rhode Island James Roads,Bitter Pond
482,South Carolina Johnathan Extensions,Falling Sunset
483,New Jersey Paul Bypass,Aged Mouse
484,South Dakota Parker Forges,Shrill Limit
485,Minnesota Ernest Locks,Purple Lake
486,Nevada Gonzalez Key,Bitter Breeze
487,Pennsylvania Ingram Prairie,Lively Hill
488,Florida Corey Villages,Sweet Rain
489,Washington Tonya Mills,Long Pine
490,New York Julie Alley,Dawn Sea
491,Massachusetts Brendan Skyway,Rapid Sea
492,Louisiana Rhodes Cove,Odd Credit
493,South Dakota Smith Ville,Restless Band
494,North Carolina Burgess Green,Nameless Moon
495,Georgia Bruce Groves,Morning Credit
496,Montana Thomas Well,Little Paper
497,Delaware Petty Key,Dawn Bread
498,Delaware Johnson Falls,Wild Tree
499,Minnesota Dale Course,Rough Paper
500,New York Galvan River,Royal Lab
501,South Carolina Anthony Stravenue,Rough Sun
502,New Mexico Roman Square,Twilight Tree
503,Montana Gaines Club,Noisy Cloud
504,Indiana Tucker Park,Fragrant Mode
505,Virginia Troy Islands,Little Cloud
506,California Fritz Mews,Icy Cherry
507,Vermont Ashley Burg,Fragrant Unit
508,Arkansas Kelly Street,Green Brook
509,Vermont Tamara Extensions,Still Grass
510,New Mexico Nielsen Garden,Curly Scene
511,Montana Eric Ridges,Round Cell
512,South Carolina Adkins Isle,Gentle Surf
513,Arkansas Robert Coves,Lingering Cherry
514,Massachusetts Elizabeth Squares,Small Term
515,South Carolina Davis Square,Mute Heart
516,Oklahoma Nichole Mission,Square Queen
517,New York Donna Harbor,Crimson Flower
518,Nebraska Young Ranch,Broken Mode
519,Utah Jones Cape,Patient Poetry
520,Connecticut Wilson Station,Long Shape
521,South Dakota Anthony Greens,Bold Field
522,Texas Sanchez Islands,Lingering Sun
523,North Dakota Jason Rest,Muddy Frog
524,Massachusetts Medina Way,Dawn Silence
525,Georgia Cheryl Turnpike,Soft Hill
526,Kansas Chambers Parkways,Raspy Forest
527,Oklahoma Green Brook,Shrill Frost
528,Wyoming Rodriguez Overpass,Holy Fog
529,Arkansas Christopher Loaf,Bold Recipe
530,South Dakota Clayton Run,Tight Heart
531,Mississippi Emily Shore,Solitary Hat
532,North Dakota Jones Fields,Summer Mud
533,Connecticut Conner Plaza,Snowy Forest
534,Ohio Monica Fields,Fancy Tree
535,Alabama Brandy Turnpike,Tiny Sound
536,Rhode Island Williams Common,Polished Night
537,Utah Sean Corner,Sparkling Meadow
538,New York Hughes Isle,Still Shape
539,Idaho Barnett Isle,Square Forest
540,Nebraska Newman Estate,Soft Brook
541,New Jersey John Stream,Fragrant Cloud
542,Tennessee Warren Fort,Dawn Pine
543,Arizona Harper Heights,Green Fire
544,Indiana Jones Village,Super Flower
545,Maryland Martin Oval,Wispy Snow
546,Alabama Julia Crescent,Autumn Lake
547,Kansas Williams Orchard,Fragrant Heart
548,Missouri Powell Extension,Purple Firefly
549,Maryland James Groves,Floral Silence
550,Rhode Island Fischer Overpass,Withered Fog
551,Indiana Jones Mountains,Tight Sunset
552,Maine Pena Cape,Tiny Boat
553,New York Graves Shoal,Proud Surf
554,Louisiana Reed Street,Steep Sun
555,Hawaii Rachel Burgs,Silent Field
556,Florida Michelle Forks,Holy Firefly
557,Georgia Peter Well,Frosty Disk
558,Alaska Hoffman Greens,Silent Haze
559,Maine David Centers,Morning Star
560,New Mexico Joshua Spring,Wispy Tooth
561,Alaska Joseph Trail,Cool Limit
562,Colorado Bass Crossing,Crimson Bonus
563,Delaware Robinson Freeway,Still Scene
564,Alabama Lisa Dam,Falling King
565,Arizona Stephanie Coves,Muddy Silence
566,North Dakota Chad Ridge,Patient Hall
567,North Dakota Dennis Fords,Twilight Field
568,Massachusetts Daniel Run,Divine Bird
569,South Carolina Campbell Hill,Small Boat
570,Montana Rebecca Falls,Wandering Paper
571,Virginia Meghan Shores,Round Fog
572,Delaware Cunningham Springs,Fancy Paper
573,Oklahoma Abigail Locks,Bold Truth
574,New York Daniel Square,Wild Feather
575,Missouri Jose Springs,Soft Mountain
576,Alaska Nancy Knoll,Morning Glade
577,New Mexico Jason Field,Quiet Glitter
578,Massachusetts Rodriguez Divide,Lucky Wave
579,Indiana Cohen Forest,Orange Surf
580,Texas Sawyer View,Fancy Mountain
581,Arkansas Robert Pass,Misty Dew
582,Ohio Jones Pines,Still Dew
583,Arkansas Craig Field,Patient Truth
584,Rhode Island Smith Point,Spring Violet
585,Alabama Bennett Shoals,Sweet Sky
586,Indiana Davenport Trafficway,Gentle Lake
587,Georgia Cindy Lodge,Weathered Leaf
588,Wisconsin Gallagher Mews,Broken Rice
589,New York Matthew Plains,Noisy Frost
590,Nebraska Carter Court,Broken Morning
591,Rhode Island Jasmine Ports,Small Snow
592,Missouri Kendra Landing,Ancient Cloud
593,Arizona Mitchell Prairie,Nameless Term
594,Arizona Denise Spur,Mute Disk
595,Illinois Walker Flats,Purple Bar
596,Michigan Nicholas Junction,Flat Tooth
597,Connecticut Holly Island,Twilight Morning
598,Arkansas Joanna Estate,Green Breeze
599,Iowa Mark Field,Royal Union
600,Delaware Colleen Via,Dawn Paper
601,Vermont Amanda View,Floral Silence
602,Florida Jones Locks,Calm Mouse
603,Alabama Garcia Freeway,Twilight Thunder
604,North Dakota Rodriguez Dam,Lingering Cell
605,Pennsylvania Miller Trace,Red Frost
606,Texas Cindy Squares,Wispy Mouse
607,Georgia Emily Lake,Snowy Firefly
608,Louisiana Sanchez Camp,Sparkling Pine
609,Nebraska Heather Extensions,Curly Mountain
610,Indiana Vicki Motorway,Bitter Voice
611,Hawaii Andrews Mission,Flat Mouse
612,Wyoming Zachary Shore,Super Morning
613,Missouri Perry Alley,Wispy Bread
614,Louisiana Paul Freeway,Nameless Dream
615,North Dakota Singleton Pines,Solitary Firefly
616,Rhode Island Ewing Mission,Red Forest
617,Oregon Barbara Isle,Dark Cell
618,New Mexico Valenzuela Radial,Orange Resonance
619,New York Ward Via,Round Resonance
620,Washington April Mill,Nameless Sun
621,North Carolina Patel Turnpike,Calm Hill
622,Ohio Tony Grove,Steep Limit
623,Connecticut Collier Crossroad,Silent Smoke
624,Maryland Clayton Falls,Withered Frog
625,Vermont Rosario Drive,Dark Grass
626,Utah Kristen Radial,Square Dew
627,North Carolina Sims Throughway,Round Shadow
628,Hawaii Jerome Drive,Morning Art
629,Indiana Anderson Summit,Billowing Wave
630,Idaho Smith Squares,Spring Lake
631,Maryland Eric Bridge,Misty Art
632,New Hampshire Dean Run,Falling Heart
633,Minnesota Erika Junction,Polished Lake
634,West Virginia Angela Walks,Red Shadow
635,Wyoming Reyes Spring,Floral Sunset
636,Illinois Zimmerman Station,Old Heart
637,Iowa Johnson Viaduct,Floral Frog
638,Kentucky Wood Lake,Lively Dream
639,Arkansas Brian Mills,Steep Poetry
640,Nebraska Joseph Estates,Fancy Dream
641,Maryland Goodman Meadow,Floral Leaf
642,South Carolina Ayers Vista,Tiny Wind
643,Nebraska Barr Corner,Old Pine
644,Colorado Mills Springs,Purple Butterfly
645,Vermont Nichols Common,Fragrant Field
646,Maryland Melanie Harbors,Square Mud
647,Illinois Anderson Ramp,Sweet Surf
648,Mississippi Nicole Hill,Little Bird
649,Iowa Amy Ferry,Dawn Scene
650,Nebraska Chad Port,Restless Star
651,Colorado Case Prairie,Mute Voice
652,Washington Watts Point,Restless Bird
653,Michigan Donna Ridges,Old Snowflake
654,South Dakota Dillon Burgs,Empty Darkness
655,Virginia Samuel Mountain,Dawn Field
656,Iowa Cook Hills,Proud Bonus
657,Wyoming Massey Crescent,Nameless Glitter
658,North Dakota Jennifer Walks,Divine Firefly
659,Mississippi Elizabeth Valley,Empty Butterfly
660,Virginia Allen Knolls,Shiny Voice
661,Louisiana Deborah Port,Muddy Mountain
662,South Carolina Abbott Rapid,Fragrant Base
663,Massachusetts Clark Field,Jolly Waterfall
664,Mississippi Ann Way,Yellow Cloud
665,South Dakota Kathleen Terrace,Bold Bush
666,Alabama Rogers Route,Curly Dream
667,Michigan Cynthia Roads,Shrill Block
668,Nevada Estes Branch,Old Moon
669,Wyoming Oliver Harbors,Fancy Bar
670,Tennessee Porter Harbor,Nameless Shadow
671,Nevada Kidd Ranch,Yellow Wood
672,Kentucky Jacqueline Forest,Lively King
673,Michigan Jerry Crossroad,Snowy Bush
674,Georgia Jeffrey Forge,Tight Disk
675,Wyoming Christina Mission,Sweet Heart
676,Texas Benjamin Pass,Steep Star
677,North Carolina Matthew Bypass,Shy Pine
678,Maine Richardson Ford,Fancy Morning
679,Oklahoma Kathryn Coves,Lively Breeze
680,Mississippi Kline Stream,Round Feather
681,Georgia Yoder Track,Hidden Math
682,Rhode Island Angie Isle,Jolly Tree
683,Hawaii Kelly Square,Ancient Surf
684,Wyoming Whitney Cliff,Frosty Breeze
685,Minnesota Joseph Avenue,Still Block
686,South Dakota Nina Mount,Autumn Disk
687,Nebraska Daniel Plains,Solitary Frost
688,Oklahoma Gray Pass,Shrill Wave
689,Hawaii Schneider Point,Broken Frog
690,Tennessee Gilbert Landing,Raspy Darkness
691,Wisconsin Debbie Circle,Shiny Frost
692,Vermont Jones Row,Throbbing Feather
693,Nebraska John Curve,Weathered Morning
694,Arizona Harris Inlet,Gentle Frost
695,South Carolina Marsh Station,Bitter Unit
696,Massachusetts Tamara Parks,Morning Sound
697,Colorado Henry Plain,Tiny Recipe
698,South Carolina Destiny Corners,Snowy Night
699,Kansas King Terrace,Tiny Sun
700,Washington Manning Unions,Plain Bush
701,West Virginia Danielle Courts,Snowy Math
702,Virginia Mckay Route,Flat Dew
703,Michigan Alexander Via,Proud Feather
704,Pennsylvania David Station,Misty Queen
705,California Hansen Cove,Green Dream
706,Georgia Howard Loop,Soft Tooth
707,West Virginia Joseph Extensions,Fancy Hall
708,Oregon Vasquez Place,Lucky Flower
709,Michigan Shannon Ways,Dark Pine
710,Maryland Dickson Branch,White Night
711,Virginia Brady Ford,Spring Brook
712,Oregon Jamie Inlet,Holy Truth
713,New Jersey Gregory Village,Morning Brook
714,Utah Andrew Creek,Raspy Smoke
715,Hawaii Kevin Greens,Throbbing Water
716,Vermont Kristina Curve,Divine Sun
717,South Carolina Rogers Unions,Proud Heart
718,Connecticut Burke Hills,Super Cloud
719,Hawaii Barker Union,Shiny Morning
720,Arkansas Andrea Roads,Misty Sun
721,Mississippi Rocha Squares,Ancient Wave
722,North Dakota Banks Lock,Withered Credit
723,Michigan Nguyen Station,Cool Snow
724,Maryland Crosby Square,Aged Haze
725,Utah Freeman Lodge,Bitter River
726,Kansas Craig Glen,Late Cherry
727,Nebraska Hernandez Mall,Divine Recipe
728,Georgia Walters Rue,Shiny Flower
729,Minnesota Sanchez Port,Silent Block
730,Indiana David Ridges,Divine Base
731,Georgia Meagan Port,Gentle Glitter
732,Tennessee Lisa Road,Broad Disk
733,Connecticut Samantha Cliffs,Long Water
734,New York Christopher Corner,Holy Bonus
735,Oklahoma Steele Way,Mute Forest
736,Arkansas Charles Lock,Floral Shadow
737,North Dakota Rachel Cliff,Raspy Tooth
738,Tennessee Curtis Junction,Tight Term
739,New Hampshire Sutton Trail,Floral Silence
740,Maryland Long Forks,Morning Lake
741,New Hampshire Adam Neck,Aged Leaf
742,Alabama Lori Plains,Dry Violet
743,Idaho Mosley Mill,Crimson Shape
744,New Mexico King Loaf,Long Hat
745,Illinois Jeffrey Plains,Holy Mode
746,North Carolina Gilmore Dale,Still Wood
747,North Carolina Pamela Squares,Curly Dream
748,Wyoming Murray Rue,Dry Shape
749,Alabama Brown Forks,Hidden Shadow
750,North Carolina Bender Bridge,Small Salad
751,Nebraska Lopez Village,Tiny Resonance
752,Illinois Joseph Drives,Royal Morning
753,Idaho Ortega Village,Red Unit
754,Rhode Island Ryan Meadows,Rough Bird
755,Maryland Craig Haven,Sparkling Forest
756,Mississippi Brown Run,Rough Bush
757,Louisiana Robert Turnpike,Solitary Star
758,Michigan Fox Row,Lively Tooth
759,Arkansas Clayton Harbors,Noisy Snow
760,Montana Turner Brooks,Square Field
761,Georgia Cynthia Road,Solitary Glitter
762,Montana Thompson Path,Curly Pine
763,West Virginia Nicole Stravenue,Yellow Sky
764,Hawaii Bruce Pine,Mute Surf
765,Connecticut Austin Hills,Nameless Cherry
766,Alabama Perez Islands,Plain Firefly
767,Illinois Green Shore,Fragrant Bird
768,Kansas Timothy Shores,Summer Union
769,Louisiana Fletcher Place,Small Salad
770,Georgia Rachel Drives,Spring Bar
771,Idaho Anthony Junction,Bitter Brook
772,Massachusetts Steven Radial,Hidden Cherry
773,Alabama Johnson Prairie,Wandering Surf
774,South Dakota Molly Streets,Blue Flower
775,Virginia James Lane,Tight Fire
776,New Jersey Julie Gateway,Curly Bush
777,Rhode Island Stewart Hollow,Mute Bread
778,Idaho Shaffer Island,Wandering Sound
779,Georgia Farmer Spring,Steep Dew
780,Vermont Cohen Forks,Weathered Leaf
781,North Dakota Tony Loop,Curly Disk
782,Oklahoma Johnson Vista,Raspy Darkness
783,Vermont Erica Hollow,Restless Scene
784,Alabama Jennings Pine,Jolly Boat
785,Arizona Hebert Junctions,Odd King
786,Georgia Jones Streets,Old Silence
787,Washington Carlos Overpass,Bold Dust
788,Maryland Garcia Camp,Small Unit
789,Oregon Carter Isle,Summer Cloud
790,Wisconsin Noah Via,Withered Smoke
791,Hawaii Juan Manor,Curly Frog
792,Wisconsin Price Row,Wandering Fire
793,Minnesota Dean Parkway,Fragrant Boat
794,Oregon Julie Highway,Lucky Unit
795,Nevada Garcia Island,Bitter Bread
796,Alabama Samantha Haven,Noisy Haze
797,Rhode Island Young Meadows,Square Hall
798,South Carolina Gerald Causeway,Gentle Glitter
799,Oklahoma Gabriela Squares,Still Union
800,Arizona Angela Roads,Soft Fire
801,New Jersey Cole Path,Polished Wildflower
802,Florida Katelyn Avenue,White Star
803,Iowa Brown Bridge,Round Boat
804,South Dakota Henry Expressway,Misty Waterfall
805,Rhode Island Bishop Street,Plain Tree
806,Arkansas Michael Cliff,Bold Silence
807,Idaho Matthew Common,Dark Waterfall
808,Kentucky Cody Manors,Shiny Wood
809,Connecticut Vazquez Views,Rough Breeze
810,Ohio Jessica Inlet,Crimson Surf
811,Louisiana Hill Turnpike,Blue Salad
812,Arkansas Potter Fords,Super Sound
813,Nevada Cochran Plains,Winter Bird
814,Michigan Rangel Haven,Black Mouse
815,Tennessee Nicholson Knoll,Calm Disk
816,Mississippi Michael Fort,Sparkling Sky
817,Arizona Logan Manors,Noisy Math
818,New York Oneal Lodge,Old Fire
819,Iowa Meghan Locks,Polished Frog
820,New Jersey Larry Canyon,Ancient Tree
821,Illinois Martinez Trail,Twilight Violet
822,Iowa Michael Trace,Jolly Bush
823,Texas Elliott Village,White Thunder
824,Maine Ryan Camp,Cool Credit
825,Vermont Travis Ridges,Wandering Sunset
826,Mississippi Grant Trace,Soft Feather
827,Washington Reese Court,Billowing Cloud
828,Georgia Sandra Trace,Shrill Violet
829,New Jersey Nicole Branch,Calm Smoke
830,West Virginia Travis Burg,Winter Hill
831,Connecticut Morales Burgs,Tight Credit
832,Rhode Island Annette Parkway,Still Violet
833,Florida Hansen Trafficway,Calm Waterfall
834,Louisiana Lisa Loaf,Twilight Credit
835,Alabama Daniel Estates,Wispy Breeze
836,Georgia Baldwin Stream,Blue Moon
837,Wisconsin Jessica Court,Wild Union
838,Alabama Nixon Plains,Delicate Shadow
839,Oklahoma Monica Avenue,Silent Sound
840,Alabama Travis Forge,Ancient Tooth
841,Tennessee Lawson Corners,Wild Cell
842,Mississippi Walters Shore,Orange Poetry
843,Minnesota Jessica Pines,Red Mode
844,Utah Bell Forks,Proud Scene
845,Virginia Jason Causeway,Nameless Mouse
846,New Hampshire Bell Island,Damp Rain
847,North Carolina Richard Mill,Muddy Mode
848,Massachusetts Alexander Stravenue,Noisy Tooth
849,Arkansas Mays Key,Dark Star
850,North Carolina Jones Underpass,Winter Firefly
851,New Mexico Holder Fields,Cool Disk
852,Indiana Christopher Cove,Wispy River
853,Illinois Weber Courts,Morning Sunset
854,Arizona Joseph Loop,Long Sound
855,Michigan Peterson Crescent,Holy Bar
856,Rhode Island Moore Oval,Quiet Disk
857,South Carolina Paul Trace,Delicate Term
858,South Dakota Tony Locks,Sparkling Limit
859,Minnesota Ross Shore,Blue Star
860,New York Dennis Summit,Cool Block
861,Iowa Brandon Fords,Shy Unit
862,Ohio Mcbride Mountains,Shy Mountain
863,Alabama Teresa Fields,Old Forest
864,Florida Ballard Islands,Throbbing Lake
865,Virginia Barnes Terrace,Ancient Voice
866,Ohio Hunt Via,Solitary Waterfall
867,Nebraska Shawn Wells,Sweet Dream
868,Montana Gonzalez Union,Aged Rain
869,Wisconsin Justin Cliffs,Noisy Art
870,North Dakota Jennifer Fork,Sparkling Dawn
871,Missouri David Fields,White Sound
872,Maryland Scott Landing,Dry Paper
873,Arizona Bowers Field,Odd Sound
874,North Dakota Henderson Camp,Nameless Wildflower
875,Florida Fox Bridge,Flat Breeze
876,Missouri Nicole Ville,Morning Paper
877,Oklahoma Gonzales Turnpike,Wild Shadow
878,Minnesota Kimberly Trafficway,Black Water
879,Florida Misty River,Empty Leaf
880,Maryland Jennifer Junction,Wispy Violet
881,Colorado Byrd Rest,Billowing Salad
882,Montana David Stravenue,Wispy Brook
883,New Jersey Lee Tunnel,Quiet Rain
884,Oregon Jones Rue,Royal Bird
885,Georgia Kelsey Manors,Restless Water
886,South Dakota Brandon Ridge,Old Union
887,Vermont Andrea Drive,Winter Block
888,Mississippi Howell Turnpike,Shiny Morning
889,Wisconsin Hodge Spurs,Dry Recipe
890,Arkansas Rogers Road,Rough Silence
891,Illinois Ronald Gardens,Divine Dawn
892,Connecticut Williams Row,Blue Credit
893,Iowa Cassandra Burgs,Ancient Star
894,Vermont Kevin Fords,Divine Wind
895,New Jersey Susan Camp,Black Resonance
896,South Carolina David Hill,Silent Truth
897,Virginia Cantu Springs,Old Sound
898,New York Meyers Rapids,Polished Union
899,Arkansas Davis Port,Weathered Thunder
900,Massachusetts Duffy Turnpike,Fragrant Limit
901,Kansas Murray Parks,Divine Leaf
902,Hawaii Peterson Corner,Lingering Shadow
903,Iowa Miller Camp,Flat King
904,California Schwartz Spur,Shrill River
905,Alaska Michael Rest,Dark Bar
906,Missouri Benjamin Plain,Falling Voice
907,Tennessee Garcia Port,Autumn Poetry
908,Alabama Smith Squares,Dark King
909,Missouri Dorothy Garden,Cold Sea
910,Mississippi Christine Spurs,Bold Union
911,Alaska Hardin Ports,Tiny Firefly
912,Hawaii Christopher Shore,Late Rice
913,Hawaii Frazier Spring,Crimson King
914,Virginia Thomas Green,Small Hat
915,Missouri Francisco Islands,Lingering Boat
916,Alaska Justin Plains,Damp Rice
917,Michigan Munoz Plaza,Delicate Dream
918,New York Moreno Rest,Odd Star
919,Hawaii Thomas Mountains,Long Math
920,Nebraska Sandra Lock,Solitary Butterfly
921,Iowa Paul Circle,Still Breeze
922,Oregon Flynn Station,Old Fog
923,North Carolina Eric Rapids,Icy Field
924,Wyoming Moran Ranch,Silent Cell
925,Idaho William Place,Noisy Grass
926,Kentucky Giles Mews,Noisy Voice
927,Texas Barron Vista,Odd Frog
928,Oklahoma Susan Park,Plain Bar
929,South Dakota William Trace,Fancy Scene
930,Alaska Green Road,Gentle Cloud
931,North Dakota Reynolds Place,Jolly Disk
932,Mississippi Lowery Islands,Curly Thunder
933,Connecticut Peterson Well,Summer Rain
934,Georgia Livingston Glens,Hidden Fire
935,Louisiana Elizabeth Stravenue,Falling Bird
936,Vermont Reilly Isle,Small Wildflower
937,Maine Sanchez Forest,Steep Lake
938,Massachusetts Williams Highway,Falling Limit
939,North Carolina Rhonda Isle,Red Sea
940,Maryland Price Harbors,Autumn Firefly
941,West Virginia Andrew Dam,Sparkling Hall
942,Maryland Brian Oval,Polished Bird
943,Michigan Kristen Row,Dark Heart
944,Michigan Zachary Trail,Twilight Cell
945,South Carolina Kristen Mall,Rough Tooth
946,New York Randall Route,Wild Hall
947,California King Ranch,Long Boat
948,South Dakota Blake Inlet,Jolly Math
949,New Mexico April Divide,Throbbing Pine
950,West Virginia Mcgee Fork,Shiny Darkness
951,California Richards Forest,Snowy Dream
952,New Mexico Lisa Wall,Tight Shape
953,Oklahoma Bird Vista,Delicate Band
954,Pennsylvania Stone Stream,Floral Hall
955,South Carolina Smith River,Bold Block
956,Colorado Barry Falls,Young Forest
957,Pennsylvania Jennifer Walks,Delicate Snowflake
958,Ohio Blake Village,Orange Waterfall
959,New Hampshire Caleb Ridge,Dawn Moon
960,New Jersey Thomas Manors,Raspy Surf
961,New Hampshire King Villages,Dry Union
962,North Dakota Boyle Port,Shiny Glitter
963,Wyoming Odom Vista,Floral Darkness
964,Rhode Island Payne Brooks,Lingering Fire
965,Massachusetts Miles Walk,Cold Night
966,Nebraska Jessica Harbor,Plain Block
967,Vermont Tiffany Plaza,Small Sun
968,Nevada Sydney Grove,Lingering Dew
969,Kansas Kurt Mission,Blue Cell
970,Missouri Cesar Club,Holy Unit
971,Alabama Hammond Green,Blue Wood
972,Virginia Delgado Corners,Nameless Meadow
973,Kentucky Tracey Pass,Restless Mud
974,New Mexico Christopher Mews,Morning Feather
975,Idaho Nicholas Stream,Square Queen
976,New York Sharon Crescent,Falling Frog
977,Louisiana Wood Squares,Silent Rain
978,Alaska Herman Ridges,Raspy Lab
979,Idaho Tina Throughway,Tiny Field
980,California William Trace,Wispy Bar
981,Tennessee Colleen Causeway,Raspy Paper
982,Ohio Amy Villages,Holy Snowflake
983,Hawaii Garcia Oval,Holy Mode
984,Wyoming Gutierrez Orchard,Jolly Hall
985,North Carolina Albert Isle,Raspy Sky
986,Iowa Lucas Haven,Wandering Voice
987,South Carolina Philip Glen,Tiny Snowflake
988,Arkansas Nicole Street,Tiny Snow
989,Arizona Hays Mall,Raspy Lake
990,Massachusetts Andrew Heights,Square Glade
991,Oklahoma Allen Court,Proud Unit
992,Tennessee Meredith Greens,Shy Lake
993,Wisconsin Preston Way,Raspy Mouse
994,South Carolina Macias Heights,Bold Field
995,Tennessee Matthew Port,Quiet Band
996,West Virginia Michael Mountains,Withered Cherry
997,Oregon Thompson Inlet,Flat Hat
998,Arizona Julia Hill,Empty Grass
999,North Carolina Rhonda Isle,Red Sea
1000,Maryland Price Harbors,Autumn Firefly
1001,West Virginia Andrew Dam,Sparkling Hall
1002,Maryland Brian Oval,Polished Bird
1003,Michigan Kristen Row,Dark Heart
1004,Michigan Zachary Trail,Twilight Cell
1005,South Carolina Kristen Mall,Rough Tooth
1006,New York Randall Route,Wild Hall
1007,California King Ranch,Long Boat
1008,South Dakota Blake Inlet,Jolly Math
1009,New Mexico April Divide,Throbbing Pine
1010,West Virginia Mcgee Fork,Shiny Darkness
1011,California Richards Forest,Snowy Dream
1012,New Mexico Lisa Wall,Tight Shape
1013,Oklahoma Bird Vista,Delicate Band
1014,Pennsylvania Stone Stream,Floral Hall
1015,South Carolina Smith River,Bold Block
1016,Colorado Barry Falls,Young Forest
1017,Pennsylvania Jennifer Walks,Delicate Snowflake
1018,Ohio Blake Village,Orange Waterfall
1019,New Hampshire Caleb Ridge,Dawn Moon
1020,New Jersey Thomas Manors,Raspy Surf