4,B.C. Rich,Calm Sun,Stealth,7.69E+12
2,Martin,Autumn Cherry,D-35,6.21E+12
1,Squier,Proud Violet,Jaguar,2.05E+12
1,Gretsch,Cool Glitter,Reverend Horton Heat,3.65E+12
2,Gretsch,Damp Queen,Black Falcon,4.16E+12
3,Fender,Rough Sun,Duo-Sonic,9.53E+12
3,Friedman,Orange Queen,Cali,7.11E+12
4,Jackson,Old Flower,Soloist,6.65E+12
5,Paul Reed Smith,Shiny Haze,SE Carlos Santana,8.91E+12
5,Washburn,Cold Butterfly,HB15,9.11E+12
6,ESP,Plain Math,Xtone,8.30E+12
6,Fender,Frosty Heart,Stratocaster,8.72E+12
7,Martin,Restless Morning,CEO-7,3.13E+12
8,ESP,Muddy Resonance,H3,2.47E+11
9,Gretsch,Yellow Pond,Chet Atkins,7.18E+12
10,Taylor,Steep Darkness,800 Series,8.28E+11
11,Schecter,Calm Dust,C-6 Pro,4.07E+12
12,Squier,Mute Rice,Meteora,2.92E+11
13,Carvin,Frosty Mountain,CT624X,1.16E+11
14,Friedman,Lively Sea,Vintage-T,1.05E+12
15,Epiphone,Silent Unit,Les Paul Jr,2.52E+12
16,Rickenbacker,Rapid Wildflower,Model 330-12,1.33E+12
17,Schecter,Shrill Heart,E-1 Custom,5.07E+12
18,Fender,Icy Leaf,Mustsang,6.02E+12
19,Fender,Wandering Bird,Jaguar,9.71E+12
20,Epiphone,Crimson Feather,Les Paul Custom,3.94E+12
21,Rickenbacker,Long Fog,Model 360,5.35E+12
22,Washburn,Odd Mountain,HB35,7.38E+12
23,Gretsch,Patient Smoke,G5420T,9.32E+12
24,Carvin,Empty Cloud,C7H,5.49E+12
25,Martin,Misty Field,CEO-7,1.27E+12
26,Carvin,Tight Cherry,C6H,6.29E+11
27,Rickenbacker,Summer Credit,Model 360,1.80E+11
28,Guild,Damp Night,D40,1.29E+12
29,Guild,Falling Forest,Starfire,2.01E+12
30,Squier,Lingering Scene,Telecaster,6.71E+12
31,Taylor,Muddy Haze,500 Series,8.17E+11
32,Guild,Noisy Cake,Doubleneck Custom,9.71E+12
33,B.C. Rich,Snowy Resonance,Bich,2.66E+12
34,Epiphone,Falling Morning,ES-175,6.60E+12
35,Guild,Crimson Cake,Doubleneck Custom,3.10E+12
36,Squier,Yellow Grass,Jaguar,4.08E+12
37,Fender,Proud Fog,Jaguar,4.53E+12
38,Guild,Snowy Sound,D40,2.70E+12
39,Squier,Bitter Resonance,Mustsang,1.18E+12
40,Squier,Crimson Scene,Stratocaster,6.32E+12
41,Squier,Royal Shadow,Jazzmaster,6.50E+12
42,G&L,Frosty Surf,ASAT Classic Bluesboy,3.93E+12
43,Carvin,Blue Truth,CT624X,5.55E+12
44,Fender,Shiny Cake,Meteora,8.17E+12
45,Carvin,Odd Truth,A7E,8.54E+12
46,Gibson,Late Cake,ES-355,4.13E+12
47,Gretsch,Dark Bar,Penguin,2.08E+12
48,Carvin,Icy Sunset,A6H,5.53E+12
49,Ibanez,Shiny Sound,KIKO200,5.39E+11
50,Guild,Hidden Bonus,D25M,3.83E+12
51,Friedman,Throbbing Forest,Vintage-S,6.48E+12
52,Ibanez,Tight Resonance,PGM333,8.18E+12
53,Carvin,Steep Bush,A7E,6.24E+12
54,Washburn,Fragrant Pine,J600,3.40E+12
55,B.C. Rich,Sweet Darkness,Warlock,1.57E+12
56,Epiphone,Soft Cherry,ES-355,4.92E+12
57,Taylor,Mute River,400 Series,4.31E+12
58,B.C. Rich,Spring Flower,Warlock,2.97E+12
59,G&L,Shiny Bush,ASAT Classic Bluesboy,5.85E+12
60,ESP,Spring Meadow,M,6.15E+12
61,Martin,Still Star,D-28 Authentic 1937,1.13E+12
62,Gretsch,Dry Limit,Penguin,5.54E+12
63,Jackson,Blue Sky,Kelly,5.81E+12
64,B.C. Rich,Crimson Sun,Seagull,5.26E+12
64,Scala,White Wildflower,Burst,1.22E+12
65,Friedman,Curly Voice,Vintage-T,6.02E+11
66,ESP,Crimson Tree,Viper,1.33E+12
67,Charvel,Solitary Fog,DK24,4.94E+12
68,Jackson,Purple King,King V,9.79E+12
69,ESP,Billowing Limit,EC,5.52E+12
70,Guild,Holy Hat,Starfire,8.75E+12
71,Taylor,Frosty Union,700 Series,9.28E+12
72,Guild,Divine Silence,Starfire,2.67E+11
73,ESP,Frosty Sun,MH,1.65E+12
73,Scala,Yellow Thunder,T-Style,5.12E+12
74,Rickenbacker,Wild Mode,Model 300,6.88E+12
75,G&L,Tight Flower,Fullerton Deluxe Comanche,5.52E+12
76,Martin,Dry Cell,HD-28V,7.64E+12
77,Carvin,Summer Snow,A6H,9.19E+12
78,Martin,Wandering Base,HD-28V,9.91E+12
79,Guild,Floral Voice,Doubleneck Custom,9.98E+11
80,Ibanez,Jolly Tree,AF200,9.61E+12
81,Jackson,Quiet Disk,Dinky,8.58E+12
82,Martin,Plain Wave,Ed Sheeran Signature,2.26E+12
83,Gibson,Green Fire,SG,5.07E+12
84,Epiphone,Little Hat,ES-330,7.68E+12
85,Carvin,Bold Pond,CT624X,2.85E+12
86,Gretsch,Sparkling Recipe,Black Penguin,7.65E+12
87,Schecter,Red Bush,Keith Merror KM-7,7.09E+12
88,Schecter,Blue Silence,Solo-II,7.34E+12
89,Rickenbacker,Gentle Dust,Model 360,7.23E+12
90,Gibson,Polished Heart,Les Paul Custom,2.67E+12
91,Martin,Autumn Sun,Style 3 Centennial,7.42E+12
92,Fender,Shrill Mode,Duo-Sonic,9.30E+12
93,Paul Reed Smith,Dark Rice,SE 277 Baritone,8.41E+12
94,Jackson,Aged Limit,Juggernaut,9.73E+12
95,G&L,Raspy Tooth,Tribute ASAT,9.01E+12
96,Epiphone,Fancy Bush,Coronet,9.56E+11
97,B.C. Rich,Small Resonance,Wave,8.38E+12
98,Schecter,Frosty Flower,C-7 SLS Evil Twin,1.51E+12
99,Friedman,Dark Rice,Cali,9.24E+12
100,Squier,Spring Leaf,Mustsang,4.05E+12
101,Gretsch,Summer Sound,White Penguin,2.56E+12
102,G&L,Noisy Breeze,Fullerton Deluxe Skyhawk,3.04E+12
103,Gretsch,Patient Feather,Reverend Horton Heat,3.06E+12
104,Scala,Billowing Math,Underdog,2.81E+12
105,Scala,Morning Block,Junkyard,2.06E+12
106,Squier,Throbbing Tree,Jaguar,3.27E+12
107,Charvel,Delicate Bird,So-Cal Style,4.09E+12
108,Friedman,Summer Sun,Cali,1.43E+12
109,ESP,Twilight Shape,Xtone,4.61E+12
110,Paul Reed Smith,Raspy Silence,SE Mark Tremonti,1.00E+12
111,Scala,Tight Violet,Burst,6.99E+12
112,Carvin,Ancient Queen,A6C,2.59E+11
113,Taylor,White Star,800 Series,7.31E+12
114,Taylor,Plain Bush,500 Series,5.00E+12
115,Gretsch,Broken Dew,Penguin,6.75E+11
116,Friedman,Weathered Rain,Vintage-T,3.60E+12
117,Squier,Icy Leaf,Duo-Sonic,5.43E+12
118,Charvel,Calm Dream,DK24,9.46E+12
119,Gretsch,Sweet Cake,Chet Atkins,8.99E+12
120,B.C. Rich,Tiny Breeze,Eagle,3.16E+12
121,Fender,Long Math,Jaguar,6.29E+12
122,Carvin,Aged Limit,A6C,81008035850
123,Charvel,Dawn Math,So-Cal Style,1.54E+12
124,B.C. Rich,Cool Base,Wave,9.10E+12
125,Fender,Nameless Snow,Jaguar,6.67E+12
126,Washburn,Rapid Hill,HB35,8.79E+12
127,Epiphone,Dark Rain,Les Paul Standard Double Cut,7.91E+12
128,Carvin,Winter Snow,CT624X,7.97E+12
129,Guild,Hidden Star,Starfire,7.36E+12
130,Charvel,Fragrant Star,Guthrie Govan Signature,8.51E+12
131,Gibson,Fragrant Bush,Les Paul Jr,4.70E+12
132,ESP,Restless Brook,F,9.00E+12
133,ESP,Red Lab,EC,6.67E+12
134,Friedman,Restless Disk,Metro-D,5.63E+12
135,Washburn,Young Art,L20,1.61E+12
136,Epiphone,Morning Snowflake,Les Paul Studio,1.17E+12
137,Washburn,Noisy Dust,J600,2.15E+12
138,G&L,Mute King,Fullerton Deluxe ASAT,9.02E+12
138,Epiphone,Red Voice,ES-355,6.18E+12
139,Schecter,Red Unit,Solo-II,6.67E+12
140,B.C. Rich,Hidden King,Beast,3.95E+12
141,Guild,Withered Lab,D25M,7.42E+11
142,Washburn,Green Bonus,J600,9.93E+12
143,Jackson,Noisy Fog,Rhoads,7.45E+12
144,Epiphone,Steep Hat,Coronet,6.58E+12
145,Paul Reed Smith,Delicate Leaf,McCarty Singlecut,4.84E+11
146,B.C. Rich,Jolly Wind,Warlock,4.79E+12
147,Epiphone,Morning Salad,Les Paul Jr,8.81E+12
148,G&L,Shrill Haze,ASAT Classic Bluesboy,3.30E+12
149,Guild,Broad Queen,D25M,3.80E+12
150,Washburn,Ancient Frost,J600,3.96E+12
151,Squier,Quiet Paper,Jazzmaster,7.43E+12
152,Martin,Black Wood,HD-28,2.44E+12
153,Charvel,Morning Sunset,So-Cal Style,6.24E+12
154,Paul Reed Smith,Winter Feather,McCarty Singlecut,5.71E+12
155,Gretsch,Cool Darkness,Reverend Horton Heat,6.82E+11
156,Friedman,Lucky Block,Metro-D,5.56E+12
157,Scala,Polished Sound,T-Style,2.03E+12
158,Charvel,Royal River,DK27,2.13E+12
159,ESP,Hidden Limit,F,5.42E+12
160,B.C. Rich,Young Heart,Virgo,1.86E+12
161,Scala,Patient River,Underdog,1.11E+11
162,Charvel,Old Brook,So-Cal Style,9.71E+12
163,G&L,Broken Queen,Fullerton Deluxe Skyhawk,7.04E+12
164,Epiphone,Winter Cell,ES-175,8.42E+12
165,ESP,Throbbing Morning,SN,7.97E+11
166,Gibson,Broad Sea,Les Paul Jr Double Cut,3.01E+11
167,Friedman,Wispy Darkness,Vintage-S,5.50E+12
168,Guild,Weathered Sun,Starfire,8.05E+12
169,Taylor,Odd Star,300 Series,6.85E+12
170,Washburn,Soft Wave,HB35,4.91E+12
171,Guild,Wispy Lake,Starfire,8.12E+12
172,Gibson,Autumn Fog,ES-175,2.24E+12
172,Taylor,Super Sun,400 Series,6.20E+12
173,Gibson,Yellow Flower,Les Paul Jr,4.70E+11
174,Charvel,Spring Mode,DK27,3.73E+12
175,Schecter,White Tree,Synyster Gates Custom,3.76E+12
176,Jackson,Sweet Cloud,Dinky,1.81E+12
177,ESP,Snowy Mode,EC,1.81E+12
178,Schecter,Empty Art,E-1 Custom,7.74E+12
179,Ibanez,Black Bird,JS1CR Joe Satriani,6.91E+12
180,Squier,Shiny Grass,Jaguar,5.68E+12
181,Charvel,Fancy Butterfly,DK27,8.16E+12
182,Ibanez,Silent Sky,GB10 George Benson,4.19E+12
183,Ibanez,Old Bush,JS2480MCR,2.46E+12
184,Washburn,Tiny Wave,J3,7.39E+11
185,Squier,Raspy Wildflower,Telecaster,5.73E+12
186,Washburn,Cold Union,HB15,5.88E+12
187,Washburn,Shy Sun,HB35,1.39E+12
188,Washburn,Shiny Night,HB35,3.52E+12
189,Gibson,Square Snow,Les Paul Standard Double Cut,1.64E+12
190,Epiphone,Floral River,Les Paul Standard,7.13E+12
191,G&L,Frosty Frog,Tribute Comanche,4.08E+12
192,Jackson,Bold Breeze,Kelly,1.28E+11
193,ESP,Holy Tooth,M,4.64E+11
194,ESP,Holy Sky,EC,9.92E+12
195,Paul Reed Smith,Shrill King,SE Mark Tremonti,2.21E+12
196,Gretsch,Cool Meadow,Black Falcon,8.38E+12
197,Gretsch,Rapid Frost,Black Falcon,9.94E+12
198,Guild,Twilight Poetry,Doubleneck Custom,2.67E+12
199,Gretsch,Raspy Rice,Penguin,5.94E+12
200,Fender,Square Fire,Jaguar,5.48E+11
201,B.C. Rich,Divine River,Seagull,9.74E+12
202,Paul Reed Smith,Wild Fog,Carlos Santana Signature,3.54E+12
203,Jackson,Shiny Dust,Juggernaut,3.82E+12
204,Friedman,Sparkling Credit,Metro-D,8.96E+12
205,Rickenbacker,Late Haze,Model 330-12,9.25E+12
206,Rickenbacker,Odd Art,Model 330-12,8.13E+12
207,Rickenbacker,Autumn Wind,Model 360,3.80E+12
208,Fender,Holy Resonance,Telecaster,4.76E+11
209,Gibson,Shiny Resonance,Les Paul Jr Double Cut,8.66E+12
210,Squier,Damp Band,Meteora,3.98E+12
211,Paul Reed Smith,Twilight Bush,SE Custom 24 Ziricote,4.33E+12
212,Jackson,Damp Term,Soloist,5.01E+12
213,Charvel,Blue Firefly,DK24,6.94E+12
214,Ibanez,Fancy Bar,PM200,9.81E+12
215,Guild,Billowing Bird,Starfire,4.12E+12
216,Rickenbacker,Autumn Thunder,Model 340,6.85E+12
217,Martin,Winter Dew,GPC-28E,7.03E+12
218,Scala,Bitter River,ES,2.85E+12
219,Schecter,Flat Mountain,V-1,4.49E+12
220,Schecter,Late Frost,Synyster Gates Custom,9.36E+12
221,Gretsch,Rapid Feather,Black Penguin,7.07E+12
222,Gibson,Soft Credit,Flying V,5.55E+12
223,Guild,Broken Hill,Starfire,6.78E+12
224,Schecter,Nameless Sunset,Keith Merror KM-7,2.35E+12
225,Fender,Raspy Limit,Mustsang,2.50E+12
226,ESP,Spring Butterfly,H,2.06E+12
227,Epiphone,Spring Math,SG Jr,3.97E+12
228,Ibanez,Cool Math,JS1CR Joe Satriani,5.42E+12
229,Friedman,Lively Bird,Cali,7.17E+12
230,Gretsch,Proud Sky,Black Penguin,3.22E+12
231,Friedman,Morning Smoke,Metro-D,9.03E+11
232,Rickenbacker,Falling Frog,Model 300,2.02E+11
233,Epiphone,Green Lab,Les Paul Jr,1.56E+12
234,G&L,Snowy Firefly,Tribute Doheny,2.85E+12
235,Taylor,Crimson Block,100 Series,3.55E+12
236,G&L,Wispy Rice,Tribute Fallout,3.97E+12
237,Friedman,Broken Moon,Metro-D,5.84E+12
238,Rickenbacker,Bold King,Model 330-12,5.06E+12
239,Gretsch,Shrill Shadow,White Penguin,5.75E+11
240,Taylor,Cool Sea,600 Series,1.68E+12
241,Gibson,Holy Poetry,ES-175,3.59E+12
242,Gretsch,Orange Dew,Black Falcon,8.84E+12
243,Jackson,Winter Wave,Kelly,1.72E+12
244,B.C. Rich,Spring Rain,Warlock,2.45E+12
245,Gretsch,Rough Bar,Black Falcon,9.24E+12
246,Squier,Fancy Scene,Stratocaster,8.50E+12
247,Charvel,Patient Dream,SC1,6.27E+12
248,Washburn,Polished Mud,HB35,6.60E+12
249,Squier,Billowing Math,Meteora,4.79E+12
250,Rickenbacker,Fancy Hat,Model 300,8.42E+12
251,ESP,Divine Tooth,FRX,3.68E+11
252,G&L,Square Moon,Tribute ASAT,9.03E+12
253,Gibson,Shy Pond,Les Paul Studio,6.09E+11
254,Fender,Nameless Flower,Telecaster,9.23E+12
255,Washburn,Restless Flower,M10FRQ,1.77E+12
256,B.C. Rich,Bold Poetry,Seagull,9.68E+12
257,Schecter,Wild Dust,Keith Merror KM-7,2.06E+12
258,Fender,Empty Grass,Telecaster,9.71E+12
259,Taylor,Lively Wind,600 Series,3.85E+12
260,Fender,Square Breeze,Meteora,5.52E+11
261,Washburn,Weathered Darkness,HB15,2.26E+12
262,Washburn,Young Union,HB15,1.52E+12
263,Guild,Patient Bird,A-150,4.45E+11
264,Epiphone,Shiny Flower,Les Paul Custom,25723857410
265,ESP,Little Tooth,FRX,8.77E+12
266,Jackson,Empty Moon,Rhoads,7.79E+12
267,Fender,Flat Waterfall,Stratocaster,9.11E+12
268,Paul Reed Smith,Red Sun,McCarty Singlecut,3.43E+11
269,Friedman,Tiny King,Vintage-T,8.76E+12
270,Jackson,Rapid Surf,Rhoads,2.41E+12
271,G&L,Steep Poetry,Tribute Doheny,2.10E+12
272,Fender,Quiet Voice,Telecaster,5.34E+11
273,Washburn,Delicate Voice,J3,2.04E+11
274,Jackson,Blue Surf,Juggernaut,2.08E+12
275,Scala,Divine Wind,ES,5.05E+12
276,Scala,Rapid Voice,ES,6.25E+12
277,ESP,Shy Snow,EX,1.60E+12
278,Scala,Polished Night,Underdog,1.68E+12
279,Jackson,Green Butterfly,Rhoads,5.52E+12
280,Taylor,Shrill Hat,800 Series,3.34E+12
281,Schecter,Shiny Breeze,C-6 Pro,5.86E+11
282,Taylor,Tiny Silence,500 Series,9.47E+12
283,Ibanez,Dry Limit,PS10,7.65E+12
284,Carvin,Wild Mode,C6H,5.69E+12
285,ESP,Shiny Bonus,F,8.39E+12
286,ESP,Billowing Forest,SN,8.84E+12
287,G&L,Still Cake,Fullerton Deluxe ASAT,4.40E+12
288,Ibanez,White Union,PGM333,9.00E+12
289,Ibanez,Morning Night,JS2480MCR,4.14E+12
290,G&L,Raspy Silence,Tribute ASAT,7.24E+12
291,Schecter,Winter Sea,Keith Merror KM-7,9.70E+12
292,Gibson,Curly Fire,Flying V,9.06E+12
293,Epiphone,Lucky Art,Les Paul Jr Double Cut,6.18E+12
294,Fender,Blue Hill,Mustsang,1.19E+12
295,Paul Reed Smith,Red Sunset,SE Standard 24,8.32E+12
296,Fender,Summer Hall,Duo-Sonic,8.47E+12
297,Rickenbacker,Dawn Wave,Model 330-12,1.54E+12
298,Charvel,Small Pine,DK27,7.05E+12
299,Washburn,Lucky Dream,M10FRQ,9.60E+12
300,Squier,Shrill Night,Jazzmaster,9.15E+12
301,G&L,Calm Leaf,Tribute Comanche,1.95E+12
302,Taylor,Broken Block,700 Series,3.09E+12
303,Friedman,Shiny Firefly,Cali,4.70E+12
304,Schecter,Still Heart,Solo-II,8.76E+12
305,Martin,Icy Lake,D-28 Authentic 1937,3.31E+11
306,Squier,Flat Bird,Jazzmaster,5.35E+12
307,ESP,Empty Queen,H,5.07E+12
308,B.C. Rich,Green Silence,Stealth,8.97E+12
309,B.C. Rich,Gentle Math,Virgin,3.71E+12
310,Rickenbacker,Super Mountain,Model 300,6.86E+12
311,Charvel,Shy Dew,SC1,5.24E+12
312,Rickenbacker,Jolly Poetry,Model 300,7.70E+12
313,Fender,Old Tooth,Duo-Sonic,8.21E+12
314,Guild,Shy Fog,Starfire,7.57E+11
315,Taylor,Royal Voice,700 Series,7.44E+12
316,Friedman,Rough Lab,Vintage-S,5.02E+12
317,Epiphone,Long Math,Les Paul Traditional II,4.35E+12
318,Carvin,Late Hill,C7H,3.40E+12
319,B.C. Rich,Crimson Darkness,Stealth,5.13E+11
320,Schecter,Silent Scene,Solo-II,6.46E+12
321,Carvin,Spring Sun,A6H,9.08E+12
322,G&L,Orange Frost,ASAT Classic Bluesboy,4.18E+12
323,G&L,Square Silence,Fullerton Deluxe Skyhawk,2.07E+12
324,Epiphone,Young Star,Les Paul Standard,5.43E+12
325,ESP,Damp Waterfall,F,4.10E+12
326,Guild,Red Shape,Starfire,4.20E+12
327,Washburn,Royal Hat,M160,2.19E+12
328,Epiphone,Lucky Recipe,Les Paul Jr,8.81E+12
329,Scala,Falling Salad,Underdog,6.36E+12
330,Gibson,Aged Haze,Les Paul Custom,8.76E+12
331,Jackson,Crimson Morning,Soloist,6.06E+12
332,Friedman,Rapid Term,Cali,6.06E+12
333,Schecter,Hidden Shape,Synyster Gates Custom,6.47E+12
334,Jackson,Icy Dream,Juggernaut,8.34E+11
334,Epiphone,Flat Salad,ES-355,1.44E+12
335,G&L,Twilight Wind,ASAT Classic Bluesboy,2.07E+11
336,Taylor,Broad Firefly,300 Series,1.84E+12
337,Martin,White Flower,D-18,7.89E+12
338,Scala,Orange Hill,Burst,4.59E+12
339,Epiphone,Royal Bonus,Les Paul Custom,8.75E+11
340,Gibson,Restless Paper,Explorer,4.43E+12
341,G&L,Little Poetry,Fullerton Deluxe ASAT,8.86E+12
342,B.C. Rich,Still Snowflake,Bich,7.07E+12
343,Charvel,Spring Sound,SC1,9.10E+12
344,Fender,Shiny Bush,Stratocaster,2.06E+12
345,Friedman,Odd Resonance,Vintage-T,9.53E+11
346,Epiphone,Bold Snowflake,ES-355,2.80E+12
347,Fender,Broad Firefly,Meteora,3.33E+12
348,Taylor,Royal Hat,500 Series,6.01E+12
349,Gretsch,Sweet Violet,White Falcon,1.88E+12
350,Ibanez,Plain Union,JEM7V,5.57E+12
351,Squier,White Voice,Telecaster,8.19E+12
352,B.C. Rich,Still Forest,Eagle,3.19E+11
353,Ibanez,Broad Mouse,JS1CR Joe Satriani,1.76E+12
354,Jackson,Raspy Waterfall,King V,4.86E+12
355,ESP,Throbbing Hill,F,7.73E+12
356,Rickenbacker,Aged Queen,Model 330-12,1.86E+12
357,Taylor,Falling Mud,700 Series,1.47E+12
358,Ibanez,Flat Fire,GB10 George Benson,1.68E+12
359,Ibanez,Icy Sea,PM200,7.57E+12
360,Taylor,Orange Morning,200 Series,4.30E+12
361,Jackson,Quiet Mountain,Soloist,6.25E+11
362,Epiphone,Blue Breeze,Les Paul Custom,3.08E+12
363,G&L,Lucky Silence,ASAT Classic Bluesboy,6.75E+12
364,Epiphone,Curly Poetry,Les Paul Jr,4.57E+12
365,Fender,Old Bread,Jazzmaster,2.29E+12
366,B.C. Rich,Blue Cherry,Virgin,8.68E+12
367,B.C. Rich,Holy Snow,Beast,1.27E+12
368,Squier,Old Sea,Jazzmaster,8.82E+12
369,B.C. Rich,Crimson Frog,Bich,9.29E+11
370,Washburn,Twilight Sun,HB15,5.18E+12
371,Squier,Gentle Lake,Jaguar,8.16E+12
372,G&L,Calm Haze,Tribute Doheny,3.06E+12
373,G&L,Noisy Thunder,Fullerton Deluxe Skyhawk,6.10E+12
374,Martin,Gentle Dust,D-45,9.84E+12
375,Charvel,Flat Wind,DK24,3.21E+12
376,Gibson,Silent Sun,Les Paul Jr Double Cut,9.32E+12
377,Charvel,Old Dust,SC1,4.87E+12
378,Washburn,Super Wildflower,J600,9.51E+12
379,Gretsch,Steep Bar,Black Penguin,3.20E+12
380,Schecter,Nameless Star,Solo-II,9.55E+12
381,Martin,Square Lake,GPC-28E,2.13E+12
382,Gibson,Young Sound,Les Paul Standard Double Cut,5.54E+12
383,G&L,Wispy Flower,Tribute Doheny,6.25E+12
384,Ibanez,Morning Grass,PM200,9.84E+12
385,Scala,Raspy Firefly,Junkyard,2.44E+12
386,Charvel,Round Art,DK27,1.98E+12
387,Gretsch,Withered Recipe,Penguin,5.17E+12
388,Schecter,Restless Pine,E-1 Custom,7.60E+12
389,Charvel,Rough Surf,DK24,8.51E+12
390,Jackson,Round Art,Soloist,3.70E+12
391,B.C. Rich,Old Butterfly,Eagle,8.27E+12
392,Schecter,Aged Term,C-6 Pro,2.03E+12
393,Paul Reed Smith,Throbbing Math,Silver Sky,3.73E+12
394,ESP,Broad Hill,H3,9.94E+11
395,Taylor,Shiny Band,400 Series,1.59E+12
396,Martin,Cool Lake,Style 3 Centennial,2.26E+12
397,Gretsch,Old Grass,G5425,7.47E+12
398,Martin,Frosty Meadow,D-28 Authentic 1937,7.47E+12
399,Taylor,Rapid Boat,500 Series,4.79E+12
400,Rickenbacker,Odd Base,Model 360,6.27E+12
401,Scala,Aged Darkness,Junkyard,3.33E+12
402,G&L,Dawn Dream,Tribute ASAT,8.89E+12
403,Martin,Royal Feather,D-18,1.28E+12
404,G&L,Ancient Lab,Fullerton Deluxe Doheny,6.12E+12
405,Ibanez,Calm Smoke,PM200,3.50E+12
406,Martin,Mute Block,D-41,7.63E+12
407,Friedman,Purple Star,Vintage-S,5.14E+12
408,Washburn,Royal Mud,J3,7.58E+11
409,Schecter,Patient Waterfall,E-1 Custom,4.45E+12
410,G&L,Fragrant Dust,Tribute Comanche,4.62E+12
411,Scala,Super King,Burst,8.01E+12
412,B.C. Rich,Patient Base,Warlock,8.31E+12
413,Squier,Autumn Sun,Mustsang,3.74E+12
414,Scala,Solitary Leaf,Underdog,1.56E+12
415,Epiphone,Royal Grass,Explorer,9.84E+12
416,Guild,Throbbing Resonance,D40,9.43E+12
417,Paul Reed Smith,Green Pond,Paul's Guitar,7.37E+12
418,Scala,Little Haze,Burst,3.96E+12
419,G&L,Restless Credit,ASAT Classic Bluesboy,4.76E+12
420,Squier,Delicate Wave,Mustsang,8.85E+12
421,Epiphone,Sweet Moon,Casino,4.93E+12
422,Rickenbacker,Proud Bar,Model 340,1.27E+12
423,Jackson,Small Smoke,Kelly,8.00E+12
424,Washburn,Aged Snowflake,HB35,7.65E+12
425,Friedman,Winter Bar,Vintage-T,4.72E+11
426,ESP,Royal Cloud,TE,5.57E+12
426,Schecter,Crimson Cell,Synyster Gates Custom,1.20E+12
427,Epiphone,Fragrant Smoke,Casino,6.44E+12
428,Jackson,Curly Snow,Juggernaut,4.63E+12
429,Friedman,Broken Waterfall,Vintage-S,9.73E+12
430,Ibanez,Dry Rain,PGM333,8.88E+12
431,Paul Reed Smith,Floral Firefly,McCarty 594,2.55E+12
432,Carvin,Blue Haze,CT624X,3.79E+12
433,Charvel,Hidden Tree,So-Cal Style,7.11E+12
434,G&L,Quiet Mouse,Fullerton Deluxe Comanche,1.61E+12
435,Taylor,Sparkling Lab,200 Series,3.65E+12
436,Friedman,Morning Field,Metro-D,3.22E+12
437,Squier,Holy Fire,Duo-Sonic,6.82E+12
438,Gretsch,Bold Sunset,Irish Falcon,5.10E+12
439,Ibanez,Purple Sky,JS2480MCR,8.00E+12
440,Washburn,Gentle Heart,HB35,5.33E+12
441,Paul Reed Smith,Steep Shape,CE 24 Semi-Hollow,8.74E+12
442,G&L,Autumn Hill,Tribute ASAT,6.98E+11
443,Jackson,Proud Surf,Juggernaut,5.40E+12
444,Charvel,Proud Scene,Guthrie Govan Signature,7.60E+12
445,Gibson,Lingering Night,ES-355,1.93E+12
446,Carvin,Fragrant Firefly,C6H,4.75E+12
447,Gibson,Yellow Field,ES-330,4.96E+11
448,Gretsch,Flat Union,Chet Atkins,2.40E+12
449,Squier,Shy Mouse,Stratocaster,7.69E+12
450,Charvel,Tiny Star,SC1,9.72E+11
451,Jackson,Patient Leaf,Kelly,2.80E+12
452,Taylor,Silent Dust,500 Series,1.50E+12
453,Guild,Patient Poetry,D25M,5.43E+12
454,Gibson,Broken Glitter,ES-355,8.72E+12
454,Charvel,Dark Boat,DK27,9.09E+12
455,Fender,Aged Dream,Stratocaster,6.36E+12
456,Friedman,Lively Paper,Cali,7.36E+12
457,Friedman,Purple Firefly,Vintage-S,8.72E+12
458,Epiphone,Winter Night,Flying V,4.72E+12
459,Rickenbacker,Mute Firefly,Model 340,5.26E+12
460,Gretsch,Plain Fog,G5420T,2.00E+12
461,G&L,Twilight Block,Fullerton Deluxe ASAT,1.24E+12
462,ESP,Billowing Cherry,H3,2.06E+12
463,Squier,Empty Tree,Stratocaster,3.29E+12
464,Rickenbacker,Bold Leaf,Model 340,3.87E+12
465,Washburn,Holy Dust,M10FRQ,1.56E+12
466,Schecter,Tight Salad,V-1,8.94E+12
467,Charvel,Tiny Sunset,Guthrie Govan Signature,1.61E+12
468,Carvin,Autumn Hat,A7E,4.74E+12
469,Washburn,Weathered Leaf,HB15,5.15E+12
470,ESP,Lucky Pine,TE,1.76E+11
471,Washburn,Ancient Shape,M160,2.96E+12
472,Squier,Polished Rice,Meteora,2.69E+12
473,Fender,Round Art,Jaguar,1.31E+12
474,B.C. Rich,Mute Base,Seagull,6.97E+12
475,Friedman,Twilight Glitter,Vintage-S,8.00E+12
476,ESP,Red Cloud,Xtone,6.86E+12
477,Scala,Small Feather,Underdog,1.69E+12
478,Friedman,Red Scene,Vintage-S,2.08E+12
479,Taylor,Winter Sun,700 Series,8.36E+12
480,B.C. Rich,Polished Dawn,Widow,5.31E+11
481,Washburn,Nameless Bird,J3,6.85E+12
482,Epiphone,Spring Sound,Explorer,4.75E+12
483,Gretsch,Floral Bird,Chet Atkins,9.53E+12
484,Scala,Twilight Queen,Burst,4.23E+12
485,Taylor,Frosty Cell,700 Series,7.14E+12
486,Taylor,Summer Salad,700 Series,9.60E+12
487,ESP,Shrill Limit,SN,7.45E+12
488,Charvel,Crimson Lab,DK27,9.48E+12
489,Squier,Hidden Bird,Stratocaster,7.09E+12
490,Paul Reed Smith,Twilight Waterfall,Carlos Santana Signature,9.24E+12
491,Gibson,Dark Morning,Les Paul Standard,3.87E+12
492,Schecter,Ancient Lab,Solo-II,6.22E+12
493,Paul Reed Smith,Square Night,SE Custom 24,8.93E+12
494,Taylor,Broad Violet,600 Series,6.05E+12
495,Squier,Young Paper,Telecaster,4.24E+12
496,Friedman,Steep Fog,Cali,5.62E+12
497,Gibson,Twilight Mountain,Flying V,9.73E+12
498,Epiphone,Soft Surf,Casino,6.22E+12
499,ESP,Autumn Credit,EX,3.45E+11
500,Gibson,Floral Bonus,Les Paul Jr,7.38E+12
501,Taylor,Icy Art,200 Series,4.32E+12
502,Ibanez,Lively Heart,JS1CR Joe Satriani,1.67E+12
503,Jackson,Steep Water,Rhoads,5.20E+12
504,B.C. Rich,Damp Wood,Warlock,6.99E+12
505,Charvel,Snowy Queen,SC1,4.73E+12
506,Jackson,Winter Leaf,King V,3.28E+12
507,Martin,Odd Feather,HD-28,6.23E+12
508,Epiphone,Super Mud,SG,2.52E+12
509,Martin,Morning Mountain,D-41,5.62E+12
510,Ibanez,Lively Dew,PS10,1.35E+12
511,Friedman,Weathered Pine,Metro-D,4.63E+12
512,Gretsch,Polished Tree,Black Falcon,3.35E+12
513,Martin,Bold Dust,D-35,2.63E+12
514,Gibson,Misty Wood,Firebird,5.31E+12
515,B.C. Rich,Proud Queen,Wave,5.53E+11
516,Schecter,Raspy Wave,E-1 Custom,6.46E+12
517,G&L,Dawn Lab,Fullerton Deluxe Comanche,3.03E+12
518,Scala,Morning Glade,Burst,1.59E+12
519,Charvel,Aged Dream,DK,5.34E+12
520,Martin,Round Cloud,GPC-28E,6.25E+11
521,Friedman,Autumn Firefly,Cali,7.79E+12
522,B.C. Rich,Misty Meadow,Stealth,4.52E+12
523,Schecter,Withered Voice,V-1,4.11E+11
524,Paul Reed Smith,Young Bird,SE Standard 24,5.20E+12
525,Schecter,Little Wind,Synyster Gates Custom,3.26E+12
526,Fender,Damp Fire,Mustsang,4.56E+12
527,Friedman,Lively Thunder,Cali,7.58E+12
528,Epiphone,Twilight Bird,Explorer,8.73E+12
529,Gibson,Still Fog,Les Paul Jr,2.73E+12
530,Epiphone,Winter Rice,ES-330,8.38E+12
531,Guild,Spring Sun,D40,4.86E+11
532,Ibanez,Divine Bread,PS10,4.73E+12
533,Guild,Plain Wood,Doubleneck Custom,5.08E+12
534,ESP,Summer Tooth,EX,8.27E+12
535,Taylor,Sparkling Tooth,300 Series,2.22E+12
536,Gibson,Floral Resonance,ES-355,2.84E+12
537,Paul Reed Smith,Flat Math,SE Standard 24,7.29E+12
538,Squier,Little Waterfall,Telecaster,9.73E+12
539,Epiphone,Polished Queen,Casino,8.32E+12
540,Washburn,Steep Block,J600,8.61E+12
541,Paul Reed Smith,Bitter Lab,CE 24 Semi-Hollow,7.61E+12
542,Charvel,Little Hall,DK,9.29E+12
543,Martin,Red Surf,GPC-28E,9.07E+12
544,Carvin,Young Tooth,C6H,2.40E+12
545,Rickenbacker,Tight Meadow,Model 330-12,4.72E+12
546,Squier,Wandering Rice,Meteora,2.36E+12
546,Gretsch,Jolly Cloud,White Falcon,2.71E+12
547,Ibanez,Dawn Butterfly,KIKO200,1.71E+12
548,Fender,Little Field,Telecaster,6.64E+12
549,Ibanez,Flat Glade,JEM7V,1.19E+12
550,Epiphone,Noisy Snow,ES-330,5.46E+12
551,Friedman,Shrill Snow,Vintage-S,7.36E+12
552,Gretsch,Cold Unit,White Falcon,2.60E+12
553,Washburn,Solitary Mountain,L20,6.59E+11
554,Carvin,Aged Hall,A7E,1.08E+12
555,Epiphone,Aged Glade,Firebird,2.58E+12
556,Martin,Shiny Resonance,CEO-7,8.15E+12
557,ESP,Cold Flower,MH,8.97E+12
558,Friedman,Summer Cloud,Vintage-T,8.76E+11
559,Taylor,Lingering Pond,600 Series,4.79E+12
560,Fender,Wandering Credit,Mustsang,8.64E+12
561,Jackson,Broad Lake,Rhoads,1.95E+12
562,Guild,Empty Hall,Starfire,2.78E+12
563,Washburn,Cool Cell,M10FRQ,7.67E+12
564,Rickenbacker,Orange Band,Model 360,6.01E+12
565,Taylor,Royal Brook,800 Series,9.89E+12
566,Gibson,Icy Tree,SG,96043326276
567,Schecter,Fancy Water,V-1,3.86E+12
568,Gretsch,Wild Block,G5425,8.80E+11
569,Epiphone,Odd Bush,ES-175,7.51E+12
570,Charvel,Small Hat,DK24,1.00E+12
571,Gretsch,Steep Brook,Penguin,3.36E+12
572,Squier,Purple Shadow,Jazzmaster,9.51E+12
573,Rickenbacker,White Grass,Model 340,6.16E+12
574,Gibson,Yellow Hill,SG Jr,2.44E+12
575,ESP,Broken Sea,H3,3.25E+12
576,G&L,Sparkling Glitter,Fullerton Deluxe Doheny,3.66E+12
577,Jackson,Square Band,Juggernaut,9.92E+12
578,Squier,Lingering Cake,Stratocaster,1.15E+12
579,Ibanez,Lucky Voice,PS10,3.86E+11
580,Carvin,Wispy Band,C6H,2.48E+12
581,G&L,Frosty Night,Tribute Fallout,1.43E+12
582,Squier,Shy Tooth,Telecaster,1.06E+12
583,Gibson,Round Sky,SG,3.88E+12
584,Friedman,Lively Tree,Cali,9.36E+12
585,Carvin,Dark Haze,C6H,5.69E+11
586,Gretsch,Square Pond,White Penguin,8.09E+12
587,Taylor,Billowing Dew,800 Series,9.44E+12
588,Jackson,Dry Surf,Juggernaut,6.09E+12
589,Epiphone,Fragrant Sun,Les Paul Custom,2.24E+12
590,B.C. Rich,Damp Snow,Bich,4.91E+12
591,ESP,Cool Star,EX,5.30E+12
592,Paul Reed Smith,Small Pond,SE Custom 24 Ziricote,1.42E+12
593,Charvel,Muddy Shadow,DK24,9.26E+12
594,Gretsch,Purple Field,Black Falcon,4.07E+12
595,ESP,Withered Wave,MH,2.14E+12
596,Scala,Rapid Leaf,Junkyard,5.50E+12
597,Gretsch,Hidden Block,Chet Atkins,7.96E+12
598,Rickenbacker,Green River,Model 1993 Plus,1.43E+12
599,Gibson,Quiet Union,Les Paul Standard,9.66E+12
600,Guild,Summer Sunset,Starfire,4.80E+12
601,Scala,Plain Surf,T-Style,6.37E+12
602,Paul Reed Smith,Throbbing Dew,SE Custom 22,8.96E+12
603,Guild,Misty Voice,D25M,8.79E+12
604,Squier,Young Paper,Meteora,6.34E+12
605,Taylor,Shiny Block,700 Series,2.41E+12
606,Carvin,Patient Glitter,A6C,9.13E+12
607,Charvel,Misty Morning,DK,5.03E+12
608,Martin,Red Night,Style 3 Centennial,6.20E+12
609,Martin,Long Thunder,HD-35,6.18E+12
610,Martin,Summer Voice,D-41,5.34E+12
611,Ibanez,Noisy Pine,AF200,9.83E+12
612,Gretsch,White Base,Black Penguin,6.69E+12
613,Carvin,Rapid King,CT624X,7.11E+12
614,Gibson,Cold Glade,SG,2.52E+12
615,Epiphone,Purple Shape,Casino,7.90E+12
616,Squier,Square Term,Meteora,6.42E+12
617,Schecter,Square Shadow,E-1 Custom,6.10E+12
618,Gretsch,Aged Sunset,Reverend Horton Heat,6.98E+12
619,Scala,Withered Bonus,Junkyard,3.41E+11
620,Schecter,White Dream,Solo-II,8.84E+12
621,Paul Reed Smith,Cool Flower,SE Custom 24,4.39E+12
622,Schecter,Floral Flower,Synyster Gates Custom,1.01E+12
623,Epiphone,Summer Bonus,ES-330,9.52E+12
624,Friedman,Wandering Thunder,Metro-D,3.04E+12
625,Fender,Patient Leaf,Telecaster,8.91E+12
626,Paul Reed Smith,Soft Resonance,SE Standard 24,6.64E+12
627,Friedman,Plain Boat,Vintage-T,4.59E+12
628,Squier,Quiet Mud,Mustsang,3.50E+12
629,Rickenbacker,Small Waterfall,Model 330-12,8.75E+12
630,Washburn,Noisy Heart,M10FRQ,6.13E+12
631,Rickenbacker,Fragrant Bonus,Model 340,4.32E+12
632,B.C. Rich,Cold Surf,Mockingbird,2.95E+11
633,Epiphone,Dark Pine,Les Paul Jr,8.08E+12
634,G&L,Plain Pine,Fullerton Deluxe Doheny,9.72E+12
635,Rickenbacker,Jolly Sea,Model 300,3.16E+12
636,Squier,Solitary Waterfall,Jaguar,6.84E+12
637,ESP,Rough Resonance,H,1.80E+12
638,Paul Reed Smith,Hidden Leaf,SE Custom 24,5.17E+12
639,Carvin,Crimson Cell,CT624X,4.76E+12
640,ESP,Bold Field,FRX,2.60E+12
641,Scala,Empty Tooth,Burst,7.12E+12
642,Friedman,Red Night,Vintage-S,5880844133
643,Fender,Rough Math,Mustsang,9.97E+12
644,Schecter,Withered Star,V-1,4.15E+12
645,Friedman,White Sea,Vintage-S,5.83E+12
646,Jackson,Flat Rice,Rhoads,6.76E+12
647,ESP,Dawn Night,TE,7.24E+12
648,Martin,Rough Mode,D-28,5.30E+12
649,ESP,Dawn Mud,Arrow,7.88E+12
650,Washburn,Shrill Credit,J600,7.80E+12
651,Carvin,Dawn Breeze,A6E,2.09E+12
652,Schecter,Summer Cake,Solo-II,2.23E+12
652,Charvel,Wild Block,SC1,9.43E+12
653,ESP,Yellow Snowflake,Black Metal,1.57E+11
654,Friedman,Icy Lab,Vintage-T,2.29E+12
655,Schecter,Young Limit,Solo-II,9.47E+12
656,Carvin,Odd Star,CT624X,5.97E+12
657,Rickenbacker,Weathered Cell,Model 300,4.40E+12
658,Friedman,Rapid Shape,Vintage-S,9.58E+12
659,Schecter,Falling Poetry,C-7 SLS Evil Twin,7.85E+12
660,Carvin,Snowy Darkness,A6E,5.01E+12
661,Rickenbacker,Summer Field,Model 360,5.71E+12
662,Charvel,Summer Mouse,DK,2.54E+12
663,Martin,Noisy Shape,GPC-28E,4.03E+12
664,Friedman,Nameless Firefly,Cali,1.08E+12
665,Guild,Gentle Base,D25M,7.82E+12
666,Carvin,Wispy Band,C6H,9.03E+12
667,Fender,Broad Rice,Meteora,2.15E+12
668,Gibson,Green Wildflower,ES-355,4.16E+11
669,Friedman,Raspy Art,Vintage-S,4.48E+12
670,Scala,Bold Dawn,T-Style,9.04E+12
671,Charvel,Bitter Bread,DK24,9.97E+12
672,G&L,Restless Sea,Fullerton Deluxe Doheny,6.29E+12
673,Ibanez,Polished Union,JS2480MCR,4.48E+12
674,G&L,Patient Hat,Tribute Doheny,8.77E+12
675,Washburn,Rapid Breeze,M10FRQ,8.08E+11
676,Washburn,White Moon,HB35,7.58E+12
677,Taylor,Purple Bread,200 Series,6.51E+12
678,Schecter,Calm Feather,C-7 SLS Evil Twin,5.64E+12
679,Paul Reed Smith,Ancient Mode,Super Eagle II,1.60E+12
680,Martin,Lucky Pond,D-28,6.62E+12
681,Guild,Square Silence,D40,6.44E+12
682,B.C. Rich,Quiet Base,Wave,6.29E+12
683,Charvel,Yellow Water,Guthrie Govan Signature,3.57E+12
684,Squier,Steep Dew,Meteora,3.22E+12
685,Scala,Twilight Limit,Burst,1.88E+12
686,Epiphone,Gentle Sound,Coronet,3.94E+12
687,Schecter,Morning Moon,Solo-II,4.86E+12
688,Guild,Billowing Bread,A-150,7.36E+11
689,B.C. Rich,Curly Cherry,Bich,9.91E+12
690,Scala,Muddy Violet,Burst,5.71E+12
691,Gibson,Bitter Salad,Les Paul Classic,4.36E+12
692,Carvin,Bold Block,A6E,8.21E+12
693,ESP,Morning Meadow,MH,2.25E+12
694,Paul Reed Smith,Long Resonance,SE Custom 22 Semi-Hollow,6.84E+12
695,Paul Reed Smith,Late Waterfall,McCarty 594,8.54E+12
696,Fender,Gentle Bonus,Duo-Sonic,8.56E+12
697,Guild,Black Morning,Doubleneck Custom,7.75E+12
698,Ibanez,Super Bird,PS10,2.55E+12
699,ESP,Fragrant Rain,H3,2.70E+11
700,G&L,Purple Glade,Fullerton Deluxe Comanche,8.20E+12
701,Schecter,Shrill Butterfly,V-1,7.48E+12
702,Epiphone,Morning Cake,Les Paul Standard Double Cut,7.03E+12
703,Scala,Rough Fire,Junkyard,9.52E+12
704,B.C. Rich,Calm Cloud,Warlock,3.92E+12
705,Gibson,Delicate Lake,SG,8.55E+12
706,Rickenbacker,Hidden Unit,Model 360,5.98E+12
707,Gibson,Jolly Moon,ES-355,5.58E+12
708,Washburn,Royal Boat,M10FRQ,4.84E+12
709,Gretsch,Tight Flower,Chet Atkins,7.61E+12
710,Fender,Billowing Hill,Duo-Sonic,7.06E+12
711,Ibanez,Plain Butterfly,PS10,3.90E+12
712,ESP,Crimson Band,Arrow,9.72E+12
713,Squier,Sparkling Disk,Telecaster,4.86E+12
714,Ibanez,Orange Paper,PS10,8.72E+12
715,Gretsch,Polished Math,White Falcon,7.46E+12
716,Taylor,Frosty Bush,400 Series,7.92E+12
717,Guild,Frosty Smoke,D25M,8.99E+12
718,Squier,Black Wave,Meteora,8.99E+12
719,Scala,Bitter Fire,Burst,6.98E+12
720,Schecter,Empty Dawn,E-1 Custom,9.50E+12
721,Rickenbacker,Late Sun,Model 360,7.48E+12
722,Paul Reed Smith,Jolly Leaf,Carlos Santana Signature,7.19E+12
723,G&L,Raspy Butterfly,Tribute Doheny,3.24E+12
724,Scala,Square Paper,T-Style,7.60E+12
725,Washburn,Snowy Queen,J3,7.12E+11
726,Jackson,Quiet Unit,Rhoads,8.72E+12
727,Scala,Broad Sun,ES,9.36E+12
728,Washburn,Crimson River,HB15,2.99E+11
729,Paul Reed Smith,Shy Recipe,SE 277 Baritone,6.10E+12
730,B.C. Rich,Crimson Base,Beast,3.01E+12
731,Gibson,Young Snow,SG Jr,8.97E+12
732,Gretsch,Yellow Resonance,Black Falcon,4.90E+12
733,Rickenbacker,Hidden Mode,Model 300,9.21E+12
734,Friedman,Fancy Surf,Vintage-S,9263918916
735,Scala,Spring Sunset,T-Style,2.98E+12
736,Carvin,Delicate Lake,A6E,9.05E+12
737,Ibanez,Divine Surf,JS2480MCR,7.04E+12
738,ESP,Tiny Pine,F,6.09E+12
739,Friedman,Tiny Hall,Cali,1.76E+12
740,Gibson,Blue Wildflower,Flying V,2.70E+12
741,Taylor,Jolly Waterfall,600 Series,2.70E+12
742,Charvel,Winter Frog,DK24,7.20E+12
743,Taylor,Sweet Dew,400 Series,2.74E+12
744,Carvin,Weathered Sun,C7H,2.34E+12
745,Scala,Super Sunset,T-Style,5.41E+12
746,Gibson,Little Sky,SG Jr,8.64E+12
747,Squier,Empty Darkness,Telecaster,5.51E+12
748,Paul Reed Smith,Shy Thunder,SE Custom 24 Ziricote,6.65E+12
749,Gibson,Rapid Leaf,SG,3.64E+12
750,Epiphone,Twilight Dawn,ES-175,3.24E+12
751,Carvin,Floral Tooth,A6C,3.82E+12
752,Ibanez,Misty Wood,JEM7V,5.97E+12
753,Taylor,Snowy Heart,200 Series,5.29E+12
754,Epiphone,Throbbing Surf,Les Paul Custom,1.02E+12
755,Martin,Fragrant Bread,HD-28,2.23E+12
756,Friedman,Yellow Tooth,Vintage-S,8.37E+12
757,Ibanez,Square Sun,PS10,8.53E+12
758,Martin,Purple Dew,HD-28V,2.86E+12
759,Martin,Odd Shape,GPC-28E,3.77E+12
760,Gibson,Withered Union,ES-175,7.09E+12
761,Rickenbacker,Twilight Boat,Model 1993 Plus,3.58E+12
762,Gibson,Damp Star,Les Paul Classic,6.90E+12
763,B.C. Rich,Restless Surf,Beast,9.05E+12
764,Paul Reed Smith,Dark Glade,CE 24 Semi-Hollow,9.66E+12
765,Squier,Winter Shadow,Telecaster,8.66E+12
766,Paul Reed Smith,Misty Pine,Paul's Guitar,3.07E+12
767,Gibson,Bitter Grass,Les Paul Jr,9.16E+12
768,Taylor,Wandering Frost,200 Series,4.65E+12
769,Jackson,Autumn Poetry,Dinky,2.68E+12
770,B.C. Rich,Red Butterfly,Beast,1.24E+12
771,Guild,Ancient Hill,D25M,7.05E+12
772,Jackson,Old Queen,Dinky,2.63E+12
773,Taylor,Jolly King,700 Series,2.30E+12
774,ESP,Wispy Hall,H3,2.49E+12
775,Gibson,Cold Snow,Les Paul Standard Double Cut,1.75E+12
776,Squier,Ancient Grass,Jazzmaster,80548833285
777,Carvin,Twilight Art,C7H,2.10E+12
778,Epiphone,Throbbing Disk,ES-355,3.29E+12
779,Carvin,Ancient Butterfly,A6E,1.86E+12
780,Schecter,Weathered Leaf,Synyster Gates Custom,8.00E+12
781,Washburn,Billowing Base,M10FRQ,5.05E+12
782,Jackson,Fancy Waterfall,Juggernaut,7.63E+12
783,Guild,Divine Bar,D25M,1.28E+12
784,Schecter,Flat Mud,E-1 Custom,5.59E+12
785,Washburn,Mute Water,M10FRQ,2.01E+12
786,B.C. Rich,Ancient Cloud,Stealth,6.49E+12
787,Squier,Young Bar,Duo-Sonic,3.33E+12
788,Paul Reed Smith,Divine Truth,SE 277 Baritone,4.90E+12
789,Ibanez,Nameless Glade,PS10,7.79E+12
790,Charvel,Restless Cell,Guthrie Govan Signature,3.21E+12
791,Gretsch,Cool Shape,Chet Atkins,5.84E+12
792,B.C. Rich,Solitary Credit,Bich,7.73E+12
793,Ibanez,Soft Brook,JS2480MCR,9.63E+12
794,Gibson,Jolly Lab,Les Paul Custom,3.75E+11
795,Squier,Falling Wave,Jazzmaster,9.01E+12
796,Squier,Dry Waterfall,Duo-Sonic,9.31E+12
797,ESP,Spring Waterfall,H,5.79E+12
798,Friedman,Restless Math,Metro-D,2.28E+12
799,Fender,Noisy Frost,Jazzmaster,3.56E+12
800,Taylor,Purple Pine,600 Series,8.56E+12
801,Epiphone,Late Field,Firebird,7.38E+12
802,Fender,Hidden Scene,Mustsang,3.42E+12
803,Gibson,Late Meadow,Flying V,8.34E+12
804,Paul Reed Smith,Lucky Mode,SE Custom 24 Ziricote,2.89E+12
805,Squier,Rapid Bush,Jazzmaster,4.93E+12
806,Gretsch,Wild Wave,Reverend Horton Heat,7.93E+12
807,Friedman,Nameless Water,Vintage-S,3.13E+12
808,ESP,Gentle River,H,7.35E+11
809,Paul Reed Smith,Little Waterfall,SE 245 Standard,5.66E+12
810,ESP,Red Wave,Arrow,3.00E+12
811,Squier,Orange Leaf,Telecaster,9.49E+12
812,Epiphone,Broad Tree,SG,7.50E+12
813,Gibson,Fancy Voice,Les Paul Classic,6.92E+12
814,Martin,Lucky Snowflake,HD-28V,2.81E+12
815,G&L,Broken Bush,Tribute ASAT,3.61E+12
815,Gretsch,Twilight Breeze,G5420T,8.27E+12
816,Epiphone,Icy Band,Casino,3.32E+12
817,Guild,Small Wind,Doubleneck Custom,3.42E+12
818,Jackson,Shy King,Kelly,4.97E+12
819,B.C. Rich,Broken Forest,Warlock,3.70E+12
820,Ibanez,Restless Frog,AF200,3.73E+12
821,Washburn,Rapid River,HB35,4.52E+12
822,Washburn,Cool Sound,M10FRQ,1.53E+12
823,Charvel,Soft Breeze,So-Cal Style,2.36E+12
824,Carvin,Floral King,C7H,6.71E+12
825,Charvel,Divine Water,DK24,5.63E+12
826,Schecter,Plain Bonus,E-1 Custom,4.97E+12
827,Rickenbacker,Sparkling Fog,Model 330-12,8.12E+12
828,Paul Reed Smith,Sweet Block,SE Mark Tremonti,1.11E+12
829,Schecter,Green Tooth,V-1,3.76E+12
830,Paul Reed Smith,Fancy Bar,Paul's Guitar,2.75E+12
831,Jackson,Morning Bush,Rhoads,9.23E+12
832,B.C. Rich,Delicate Frost,Virgo,2.51E+12
833,G&L,Solitary Bread,Fullerton Deluxe ASAT,6.72E+12
834,Carvin,Still Dream,A6C,9.85E+12
835,B.C. Rich,Misty Fire,Stealth,6.31E+12
836,Friedman,Broken Grass,Metro-D,7.15E+12
837,Carvin,Dawn Bar,A6E,8.17E+12
838,Schecter,Wild Frog,V-1,6.54E+12
839,Gretsch,Lucky Hat,G5420T,1.94E+11
840,Jackson,Red Butterfly,King V,8.19E+12
841,Epiphone,Sparkling Sun,Les Paul Custom,2.66E+12
842,Washburn,Wandering Frog,M10FRQ,9.14E+12
843,Schecter,Super Dust,Synyster Gates Custom,8.79E+12
844,Martin,Black Block,D-28 Authentic 1937,2.83E+12
845,Paul Reed Smith,Floral Sun,Silver Sky,4.49E+12
846,Carvin,Solitary Bird,A6H,1.53E+12
847,B.C. Rich,Quiet Term,Eagle,2.97E+12
848,Fender,Polished Tooth,Jaguar,2.24E+12
849,B.C. Rich,Snowy Meadow,Virgin,2.28E+12
850,Martin,Shiny Salad,Style 3 Centennial,3.65E+12
851,Taylor,Billowing Bonus,300 Series,5.30E+11
852,Friedman,Cool Hall,Vintage-T,9.97E+12
853,ESP,Holy Violet,Arrow,6.22E+11
854,Jackson,Sweet Star,Dinky,3.07E+11
855,Gretsch,Delicate Dust,Black Penguin,2.74E+12
856,Friedman,Nameless Dew,Vintage-S,6.63E+12
857,Ibanez,Restless Mud,JS1CR Joe Satriani,6.19E+12
858,Gretsch,Dawn Disk,Irish Falcon,7.48E+11
859,Taylor,Wandering Paper,600 Series,8.54E+11
860,Scala,Gentle Silence,Junkyard,2.47E+12
861,Carvin,Silent Sun,C6H,1.86E+12
862,Guild,Misty Surf,Doubleneck Custom,4.13E+12
863,Gibson,Small Truth,Les Paul Jr,4.08E+12
864,Gibson,Broad Bird,Les Paul Jr Double Cut,37850384646
865,Epiphone,Holy Water,Casino,3.52E+12
866,B.C. Rich,Old Star,Widow,2.05E+12
867,Schecter,Still Cherry,Synyster Gates Custom,9.53E+12
868,Taylor,Red Tooth,300 Series,5.51E+12
869,Gibson,Odd Breeze,ES-355,5.65E+12
870,Friedman,Jolly Wave,Metro-D,7.53E+11
871,Fender,Noisy Lake,Telecaster,8.67E+12
872,Schecter,Autumn Heart,Keith Merror KM-7,4.85E+12
873,Gretsch,Soft Butterfly,Reverend Horton Heat,7.63E+12
874,Martin,Rapid Moon,D-45,4.05E+11
875,Charvel,Calm Fog,DK24,4.21E+12
876,Gibson,Muddy Hill,Les Paul Standard,8.76E+11
877,Squier,Billowing Band,Telecaster,8.93E+12
878,Taylor,Odd Union,400 Series,5.52E+12
879,B.C. Rich,Red Recipe,Stealth,5.46E+12
880,Taylor,Wandering Sun,200 Series,2.96E+12
881,ESP,Super Truth,F,4.10E+12
882,Epiphone,Snowy Disk,Explorer,1.32E+12
883,Charvel,Icy Hat,SC1,6.24E+12
884,Rickenbacker,Sweet Mud,Model 300,3.62E+12
885,Charvel,Crimson Wildflower,SC1,6.04E+12
886,Schecter,Super Math,E-1 Custom,6.99E+12
887,Jackson,Delicate Credit,King V,4.57E+12
888,Taylor,Green Hat,100 Series,9.89E+12
889,Washburn,Little Dream,L20,9.03E+12
890,Squier,Bold Flower,Jaguar,5.08E+12
891,B.C. Rich,Withered Hill,Stealth,7.59E+11
892,Jackson,Calm Morning,Dinky,5.18E+12
893,Gibson,Floral Art,SG,3.77E+12
894,Squier,Rapid Lab,Mustsang,6.36E+12
895,Squier,Tiny Night,Jazzmaster,9.85E+11
896,Jackson,Cold Firefly,Kelly,5.76E+12
897,Paul Reed Smith,Dry Darkness,Paul's Guitar,2.87E+12
898,Fender,Yellow Unit,Mustsang,5.98E+12
899,Schecter,Ancient Dew,V-1,9.62E+12
900,Schecter,Black Pine,Synyster Gates Custom,9.54E+12
901,G&L,Quiet Block,Fullerton Deluxe Comanche,9.11E+12
902,Friedman,Tight Fire,Cali,1.41E+12
902,Jackson,Old Bar,Juggernaut,3.04E+12
903,Taylor,Morning Limit,400 Series,5.89E+12
904,Squier,Misty Mountain,Stratocaster,2.11E+12
905,Martin,Bold Frog,HD-28,4.91E+12
906,Ibanez,Sparkling Dream,KIKO200,8.41E+12
907,Taylor,Tight Mouse,300 Series,9.92E+12
908,Ibanez,Delicate Lab,PM200,2.20E+12
909,Rickenbacker,Spring Paper,Model 1993 Plus,2.97E+12
910,Gibson,Hidden Flower,Firebird,6.06E+12
911,Charvel,Shrill Mouse,DK27,6.03E+12
912,Martin,Damp Queen,D-41,3.61E+11
913,Charvel,Hidden Field,DK24,7.99E+12
914,Carvin,Spring Dream,A6E,6.63E+12
915,ESP,Summer River,Arrow,9.15E+12
916,Schecter,Broken Heart,C-7 SLS Evil Twin,7.32E+12
917,Fender,Cold King,Jaguar,9.13E+12
918,Gretsch,Aged Sunset,Reverend Horton Heat,4.99E+11
919,G&L,Aged Math,Tribute Comanche,1.33E+12
920,G&L,Bitter Haze,Fullerton Deluxe Comanche,7.54E+12
921,Paul Reed Smith,Tiny Queen,Super Eagle II,6.18E+11
922,Gibson,Cool Glade,Explorer,6.32E+12
923,Schecter,Silent Moon,Solo-II,1.85E+12
924,ESP,Nameless Salad,TE,8.51E+12
925,Epiphone,Black Field,Les Paul Jr,3.36E+12
926,Ibanez,Curly Sunset,PGM333,9.86E+12
927,Gibson,Frosty Frost,Les Paul Custom,6.57E+12
928,Taylor,Bold Mountain,500 Series,9.45E+12
929,Washburn,Orange Hill,M160,7.52E+12
930,Jackson,Withered Term,King V,6.89E+12
931,ESP,Jolly Dust,EC,4.58E+12
932,ESP,Proud Lab,Xtone,3.44E+12
933,Charvel,Morning Star,DK24,9.92E+11
934,Rickenbacker,Calm Frost,Model 1993 Plus,6.39E+12
935,Guild,Lingering Tree,Starfire,3.79E+12
936,Squier,Red Wildflower,Duo-Sonic,6.57E+12
937,Rickenbacker,Mute Cherry,Model 300,9.33E+12
938,Taylor,Raspy Waterfall,200 Series,4.77E+12
939,Guild,Young Sea,D25M,5.48E+12
940,Jackson,Proud Surf,King V,1.83E+12
941,Squier,Raspy Star,Meteora,7.79E+12
942,Carvin,Green Haze,A6E,1.38E+12
943,Paul Reed Smith,Proud Dust,SE Custom 22 Semi-Hollow,8.53E+12
944,Epiphone,Fancy Mountain,Les Paul Jr Double Cut,5.91E+12
945,Guild,Rough Tooth,D25M,4.15E+11
946,Charvel,Mute Leaf,SC1,9.86E+12
947,Carvin,Steep Pond,C7H,1.71E+12
948,Rickenbacker,Cool Bonus,Model 340,1.43E+11
949,Ibanez,Bitter Rice,JEM7V,1.55E+12
950,Squier,Old Base,Meteora,9.43E+12
951,Schecter,Divine Wind,V-1,7.16E+12
952,Martin,Polished Brook,HD-28,4.03E+12
953,Washburn,Long Boat,J600,4.96E+12
954,Epiphone,Icy Water,ES-355,9.19E+11
955,Martin,Mute Block,00-28,4.29E+12
956,Schecter,Super Snowflake,Synyster Gates Custom,7.56E+12
957,G&L,Yellow Forest,Fullerton Deluxe Skyhawk,6.59E+12
958,Taylor,Misty Tooth,800 Series,5.86E+12
959,Schecter,Noisy Salad,V-1,4.47E+12
960,Rickenbacker,Cool Cloud,Model 360,3.81E+12
961,Rickenbacker,Shiny Dust,Model 340,9.56E+12
962,Schecter,Proud Math,Solo-II,8.44E+12
963,Martin,White Lab,Style 3 Centennial,3.54E+12
964,Schecter,Hidden Bread,E-1 Custom,8.44E+12
965,Gibson,Throbbing Bush,Les Paul Jr Double Cut,2.08E+12
966,G&L,Snowy Glade,Tribute ASAT,1.38E+12
967,Ibanez,Steep Shape,JEM7V,8.63E+12
968,ESP,Orange Cell,H,7.54E+12
969,Carvin,Delicate Silence,A6H,1.14E+12
970,Fender,Small Hill,Mustsang,2.20E+12
971,ESP,Round Dew,H3,5.90E+11
972,Gretsch,Black Band,White Falcon,2.70E+12
973,Charvel,Broad Limit,DK27,9.71E+12
974,Fender,Black Feather,Jaguar,4.25E+12
975,G&L,Raspy Mode,Fullerton Deluxe Comanche,2.81E+12
976,G&L,Autumn Morning,Tribute ASAT,4.58E+12
977,B.C. Rich,Blue Dream,Bich,9.26E+12
978,B.C. Rich,Wild Water,Seagull,3.34E+12
979,G&L,Yellow Mountain,Tribute Comanche,6.75E+12
980,Gibson,Raspy Cake,Les Paul Jr Double Cut,7.63E+12
981,Friedman,Summer Sound,Vintage-T,9.57E+12
982,ESP,Curly Fire,SN,1.42E+12
983,Schecter,Billowing Truth,E-1 Custom,7.80E+12
984,Fender,Mute Resonance,Jazzmaster,9.27E+12
985,G&L,Nameless Firefly,ASAT Classic Bluesboy,9.02E+12
986,Epiphone,Shy Union,Les Paul Traditional II,1.74E+12
987,Guild,Fancy Water,D25M,2.13E+12
988,Jackson,Curly Brook,Soloist,9.14E+11
989,Fender,Late Credit,Telecaster,6.30E+12
990,Rickenbacker,Mute Credit,Model 330-12,1.16E+12
991,Paul Reed Smith,Silent Rain,SE Custom 22,4.98E+11
992,Epiphone,Spring Mud,SG Jr,4.08E+11
993,Schecter,Lingering Band,Synyster Gates Custom,8.97E+12
994,Squier,Cool Star,Jazzmaster,7.36E+12
995,Carvin,Yellow Sun,A6E,1.74E+12
996,Washburn,Winter Cake,HB35,3.85E+12
997,Fender,Late Block,Duo-Sonic,8.38E+12
998,Friedman,Raspy Tree,Vintage-T,4.05E+12
999,Gibson,,Les Paul Standard,
1000,Gibson,Peter Green,Les Paul Standard,
1001,Ibanez,Evo,JEM7VWH,
1002,Airline,JB Hutto,Montgomery Ward,
1003,Fender,,Telecaster,
1004,Gibson,Iron Cross,Les Paul Custom,
1005,Tom Holmes,,Flying V Type,
1006,Gibson,,Southern Jumbo,
1007,Performance Guitar USA,Arm The Homeless,Mongrel Custom,
1008,Gretsch,Twang Machine,G6138,
1009,John Diggins,Old Boy,SG Type,
1010,Fender,The Black Strat,Stratocaster,
1011,Martin,Trigger,N20,
1012,Fender,Polka Dot,Stratocaster,
1013,Gibson,Lucille,ES355,
1014,Epiphone,,Casino,
1015,Brian May,Red Special,Red Special,
1016,Eddie Van Halen,Frankenstrat,Stratocaster Type,
1017,Gibson,The Fool,SG,
1018,Gibson,Old Black,Les Paul Standard,
1019,Gibson,Lucy,Les Paul Standard,
1020,Gibson,,Les Paul Standard,