669,Wyoming Eric Ranch,Soft Snowflake
690,Delaware Rickey Summit,White Truth
835,Arkansas Jones Lodge,Patient Math
891,Maine Carol Shore,Bold Salad
671,Alaska Craig Flat,Withered Tooth
771,Utah Stewart Mall,Wandering Block
23,Arizona Martinez Isle,Yellow Block
986,Vermont Davis Glen,Little Glitter
230,Pennsylvania Garza Port,Polished Feather
483,Florida Edward Groves,Muddy Water
337,Nevada Richardson Tunnel,Dry Darkness
862,Massachusetts Stacy Rapid,Shy Hall
8,Oklahoma William Locks,Round Wind
15,West Virginia Moody Loop,Patient Sunset
40,New Mexico Joshua Forge,Shy Glitter
354,Hawaii Joshua Creek,Frosty Bush
191,Vermont Gray Islands,Tight Union
869,Rhode Island Mary Inlet,Sweet Dream
813,New Mexico Kelly Mall,Noisy Night
851,Washington Gates Road,Young Poetry
274,Oklahoma Kiara Course,Patient Tree
718,Illinois Karen Square,Young Night
25,Alaska Wilson Rest,Tiny Recipe
593,Virginia Heather Haven,Solitary Disk
102,Colorado Jennifer Drives,Young Feather
655,Arizona Donald Springs,Empty Resonance
438,Alaska Braun Corners,Silent Base
969,California Sean Trail,Polished Surf
386,Idaho Kristina Junctions,Proud Lab
267,North Dakota Patrick Squares,Solitary Dawn
543,Oklahoma Cody Ville,Fragrant Fire
761,Florida Reid Spurs,Frosty Recipe
641,Rhode Island Kevin Alley,Royal Forest
921,Missouri Caldwell Brook,Jolly Cell
398,Utah Proctor Mission,Late Dawn
668,Hawaii Hanna Forks,Wispy Art
474,South Carolina Carrillo Road,Lingering Pond
659,Arkansas Williams Fork,Cool Math
487,Oregon Allen Ridge,Holy Bread
323,Arkansas Christopher Forge,Steep Snowflake
824,Virginia Patterson Haven,Red Heart
344,Maine Gregory Well,Floral Sun
519,Hawaii Brenda Fords,Polished Field
881,North Dakota Marie Park,Mute Wildflower
766,Tennessee Dawn Skyway,Shy Sunset
872,Alaska Sean Wells,Quiet Resonance
236,North Dakota Little Shore,Morning Bonus
826,Louisiana Pamela Estates,Winter Boat
935,Indiana Lauren Divide,Mute Lab
480,Oklahoma Braun Prairie,Spring Snow
506,Georgia Michael Fort,Jolly Rain
954,Kansas Julie Spur,Fragrant Fog
628,Ohio Tina Fall,Frosty Feather
327,California Maria Pike,Shy Lake
194,New Jersey Bartlett Stravenue,Shrill Recipe
657,Nebraska Hays Walk,Royal Recipe
335,Indiana Caitlin Ranch,Falling Hall
116,South Carolina Villarreal Tunnel,Spring Credit
42,Kentucky Parker Crescent,Autumn Mode
537,Utah Todd Throughway,Rough Math
367,South Dakota Case Causeway,Black Forest
135,Maine Catherine Shoals,Soft Truth
484,Washington Davis Ports,Morning Bread
275,Rhode Island Gibson Hills,Small Surf
965,Texas Becker Path,Red Smoke
114,Montana Chad Land,Empty Darkness
81,Missouri Derrick Cliff,Green Mountain
463,Nevada Cruz Cove,Holy Base
805,Wisconsin Kristi Court,Raspy Mud
403,Alaska Joshua Run,Cold Dew
978,Ohio Dwayne Ramp,Holy Sky
584,Hawaii Juan Parkway,Solitary Recipe
701,Alabama Jones Ferry,Sparkling Mud
211,Virginia Eaton Villages,Restless Pine
554,Arkansas Colton Street,Lively Wind
315,Massachusetts Hardin Shoal,Lively Band
819,Colorado Garcia Ridge,Round Sunset
886,Oregon Thomas Union,Silent Firefly
878,Arkansas Murphy Road,Long Bush
778,Ohio Austin Islands,Nameless Sky
496,Idaho Mejia Land,Dawn Math
656,South Dakota Drake Harbors,Crimson Field
145,Ohio Sara Ville,Dawn Math
99,Ohio Roberts Squares,Dark Firefly
68,Delaware Katherine Hills,Old Credit
934,Washington Jose Fields,Flat Dew
127,New Mexico Diaz Throughway,Twilight Feather
745,California Susan Place,Dark Resonance
461,Wyoming Richard Fields,Divine Shadow
304,New Jersey Linda Corners,Floral Feather
643,New Mexico Kim Underpass,Spring Recipe
847,Utah Parker Circle,Falling Rice
945,Utah Miller Skyway,Jolly Resonance
737,Louisiana Woods Forge,Morning Wind
802,Georgia Sutton Knoll,Wispy Unit
799,Maine Anderson Prairie,Quiet Dawn
840,Massachusetts Felicia Road,Late Snowflake
500,Arkansas Wolfe Fort,Divine Voice
914,Oregon Katelyn Harbor,Dry Tooth
649,Nevada Kara Plaza,Fragrant Sun
730,Colorado Emily Orchard,Bitter Mouse
394,Michigan Hunt Ports,Late Violet
859,Maryland Dickerson Crossing,Fancy Math
789,Virginia Christopher Extension,Hidden Star
839,Mississippi Patrick Port,Silent Morning
19,South Carolina Evans Fork,Muddy Violet
812,Nebraska Gutierrez Street,Raspy Feather
181,North Carolina Christine Glen,Autumn Rice
685,Massachusetts White Trail,Snowy Base
309,New Jersey Christian Oval,Wild Wave
91,New Jersey Ferrell Forge,Billowing Breeze
366,Texas Justin Motorway,Flat Block
301,Maine Davis Heights,Summer Snow
30,New Hampshire Johnson Pike,Fragrant Mouse
817,Arkansas Downs Village,Little Recipe
984,Ohio Alexis Causeway,Restless Haze
200,Idaho Gonzales Forks,Proud Frog
834,North Dakota Hunt Village,Weathered Frog
530,Rhode Island Catherine Mall,Cool Wood
109,Utah Albert Islands,Divine Tooth
896,Colorado Jennifer Keys,Small Water
611,West Virginia Smith Route,Autumn Truth
511,Texas Andrea Tunnel,Withered Sound
749,Massachusetts Romero Village,Quiet Breeze
414,South Carolina Martin Corner,Jolly Bush
51,Michigan Juan Valley,Jolly Cherry
488,Arizona James Summit,Small Dew
460,Maine Harold Summit,Icy Paper
760,Kansas Kimberly Keys,Lucky Rice
933,Mississippi Garcia Mall,Super Meadow
830,Rhode Island Middleton Landing,Proud Tooth
665,Alabama Mullins Creek,Bitter Paper
54,Oregon Montgomery River,Broad Firefly
375,Utah Lori Village,Withered Bird
764,North Dakota Summer Key,Long Snowflake
827,Oregon Matthews Village,Red Field
981,Texas Bell Parks,Divine Poetry
693,Massachusetts Chandler Green,Rapid Field
850,Ohio Vance Crest,Shy Union
451,Kansas Fleming Estates,Tight Truth
203,Tennessee Brown Drives,Summer Dawn
298,Rhode Island Dennis Street,Muddy Hall
642,Pennsylvania Smith Shore,Lively Frost
885,Idaho White Route,Weathered Tree
189,Tennessee Mendez Camp,Wandering Firefly
6,Wisconsin Sanders Mountain,Flat Feather
663,Pennsylvania Smith Stravenue,Cold Block
739,Vermont Jackson Trail,Broken Hat
897,Maryland Mark Port,Floral Shadow
180,Idaho Hoffman Ville,Tight Scene
164,Montana Ryan Fords,Spring Meadow
12,Nebraska Carol Port,Still Shadow
171,Hawaii Moody Place,Empty Recipe
779,South Carolina Cook Groves,Jolly Sun
927,Nebraska Christine Unions,Summer Shadow
357,Missouri Wells Fall,Bold Morning
434,Iowa Petersen Field,Icy Dawn
421,Florida Emily Tunnel,Divine Term
854,New Jersey Amanda Hollow,Rapid Sky
648,Wisconsin Christine Neck,Empty Feather
664,South Dakota Cox Inlet,Plain Mud
431,Maine James Overpass,Divine Paper
613,Ohio Kimberly Mount,Falling Forest
173,Virginia Williams Unions,Square Silence
162,Colorado Diaz View,Tight Tree
458,Nebraska Logan Forges,Nameless Star
535,Oklahoma Morris Port,Proud Rain
987,Washington Joshua Points,Shiny Breeze
920,Alabama Williams Place,Misty Sun
98,Maine Christopher Islands,Withered Star
235,New Hampshire Shannon Cliffs,Super Unit
516,Wisconsin Mark Forges,Hidden Lab
995,New Hampshire Bush Lakes,Shrill Wave
963,Idaho Turner Plaza,Orange Violet
841,Michigan James Mount,Royal Disk
293,South Dakota Kelly Pike,Icy Mouse
809,Hawaii William Spur,Summer Block
924,Connecticut Christian Shoal,Spring Star
938,Wyoming Stone Causeway,Tight Boat
546,Maine Andre Shoal,Morning Water
728,Hawaii Hernandez Junction,Orange Block
821,Indiana Williams Squares,Holy Dust
499,Florida Jeffrey Heights,Nameless Sun
944,Alabama Charles Mills,Broad Waterfall
815,Georgia Heather Manor,Polished Math
818,Delaware Laura Mount,Royal Mountain
77,Maine Arroyo Point,Cold Sky
513,North Dakota Laurie Well,Autumn River
141,North Carolina Johnson Vista,Shy Hall
919,Vermont Nunez Ranch,Odd Fire
874,Idaho Paul Highway,Restless Bar
132,Arizona Harris Mountains,Blue Recipe
243,North Carolina Carpenter Plains,Royal Bush
151,Washington Levi Crest,Shrill Wave
959,Montana Cole Mountain,Winter Frog
245,Maryland David Route,Winter Lab
608,Rhode Island Kirk Mill,Jolly Frog
9,Nebraska Soto Pike,Crimson Meadow
1,Texas Avila Plains,Empty Grass
303,Indiana Rodriguez Points,Old Block
925,Pennsylvania Sawyer Dam,Noisy Waterfall
694,New Hampshire Donna Haven,Steep Recipe
620,Delaware Jessica Court,Bitter Mouse
318,Rhode Island Green Trace,Noisy Wood
265,New Jersey Kyle Well,Tiny Thunder
915,Mississippi Crystal Ports,Silent Cloud
520,Georgia Kayla Coves,Solitary Tree
63,Vermont Diane Ridge,Falling Hill
632,Minnesota Dean Curve,Restless Heart
202,Texas Best Circles,Crimson Union
424,Idaho Russell Overpass,Sweet Water
349,Connecticut Austin Pike,Lucky Silence
712,Arkansas Prince Locks,Wild Resonance
331,Delaware Gregory Springs,Nameless Hat
534,Maine Anne Club,Sparkling Sea
937,Delaware Jones Road,Rapid Rice
240,Washington Ryan Path,Holy Math
4,Maryland Perry Camp,Steep Frog
532,North Carolina Patricia Fields,Young Sky
980,West Virginia Johnson Road,Winter Boat
84,Montana Jessica Trail,Solitary Wood
379,Wisconsin Cox Estate,Cool Frost
262,Oklahoma Ruiz Drive,Royal Cherry
5,Arkansas Emily Lodge,Raspy Salad
74,Arizona Wells Coves,Sweet Limit
527,Nebraska Kristen Light,Divine Unit
411,West Virginia Cox Ports,Orange Union
639,Montana Dean Forges,Super Hill
926,Iowa Kyle Estate,Curly Base
568,Arizona Elliott Mountain,Wispy Bread
485,Georgia James Expressway,Polished Voice
638,Missouri Johnson Mountains,Gentle Leaf
112,South Dakota Carlos Flats,Delicate Cloud
397,Pennsylvania Walters River,Jolly Term
948,Iowa Monica Points,Dark Wave
478,Colorado Evans Highway,Tight Shadow
138,Georgia Mcmillan Circles,Lively Band
700,Minnesota Williams Locks,Green Leaf
807,Maine Diane Pike,Soft King
47,Connecticut Meyers Ports,Jolly Block
994,Texas Campbell Courts,Quiet Base
144,New Hampshire Eric Wall,Silent Mountain
670,Mississippi Zuniga Road,Throbbing Mud
239,Missouri Myers Square,Red King
169,Kansas Maldonado Parkway,Orange Paper
744,New Hampshire Mario Walk,Floral Math
533,Hawaii Jones Walk,Jolly Snowflake
11,Alabama Randall Glen,Steep Recipe
682,Maryland Jodi Ford,Rapid Hall
738,Delaware Neil Road,Dark Water
843,Missouri Abbott Corners,Silent Water
466,Washington Mcclure Rue,Orange Waterfall
565,Oregon Sean Station,Little Salad
149,Oklahoma Strickland Streets,Sparkling Snowflake
560,Ohio Alexander Radial,Late Truth
417,New Jersey Hall Village,Orange Fire
831,New Jersey Heidi Tunnel,Lucky Feather
898,Wisconsin Klein Port,Broken Queen
62,Montana Miller Trace,Young Mud
735,Pennsylvania Singh Plain,Black Brook
377,Alabama Charles Passage,Lucky Cherry
542,Ohio Alyssa Station,Super Surf
213,Oregon Paul Harbors,Empty Bush
383,Nebraska Ramirez Drives,Curly Bread
677,Alaska Brown Overpass,Withered Wave
753,Michigan Anderson Fork,Young Dawn
781,Nevada Diana Highway,Ancient Sky
101,Arkansas Gordon Drive,Hidden Band
571,Oregon Hernandez Glen,Fancy Block
201,Idaho Schmidt Canyon,Green Hat
156,Texas Turner Court,Green Truth
137,North Carolina Anthony Causeway,Green Term
418,Oregon Alvarez Canyon,Blue Union
285,Georgia Joshua Manors,Shiny Glade
574,North Dakota Hanson Lakes,Dry River
269,New York Johnson Estates,Fragrant Flower
409,South Carolina Berry Meadows,Odd Sound
695,Virginia Laurie Ridges,Morning Bar
222,Tennessee Rachel Hills,Shiny Truth
244,Idaho Sandra Ways,Curly Wind
746,Delaware Karen Streets,Yellow Bonus
13,Massachusetts Bowman Falls,Snowy Dew
307,Washington Ryan Loaf,Ancient Wind
176,North Carolina Hawkins Tunnel,Bold Dust
783,Oregon Walker Grove,Broad Surf
16,Nevada Middleton Ferry,Green Thunder
419,Illinois Krueger Crossing,Quiet Block
248,Colorado Connor Land,Silent Hall
28,Alaska Delgado Estate,Floral Glade
486,Rhode Island Jamie Squares,Nameless Art
427,Louisiana Potter Grove,Dawn Base
336,Florida Mary Pass,Little Sunset
281,Iowa James Locks,Sparkling Base
455,Arkansas Alyssa Springs,Billowing Frost
119,Oregon Miguel Burgs,Divine Truth
548,Ohio Tonya Glen,Noisy Term
346,Kentucky Valdez Circles,Super Flower
540,Wyoming Zachary Cliffs,Sparkling Firefly
197,New Hampshire Mary Common,Fragrant King
446,Pennsylvania Jay Cliff,Morning Cell
85,Georgia Williams Extensions,White Art
631,Hawaii Lozano Radial,Lucky Flower
786,South Carolina Diamond Mountains,Rapid Tooth
601,Maine Jones Streets,Nameless Bread
949,Alabama Mercado Keys,Hidden Glitter
566,Florida Allen Fields,Icy Art
918,Illinois Cameron Brooks,Nameless Dawn
107,Alabama Medina Springs,Withered Unit
515,Alaska Mason Mission,Lingering Firefly
734,Washington Jennifer Loaf,Curly Frog
561,West Virginia Poole Circles,Wandering Disk
600,South Dakota Shannon Hollow,Small Smoke
899,Hawaii Brian Islands,Mute Dust
406,Massachusetts Jerry Inlet,Nameless Silence
558,Colorado Nguyen Extensions,Flat Thunder
183,Louisiana Matthew Stream,Frosty Meadow
793,Mississippi Christopher Fords,Tight Cell
964,Minnesota Taylor Mews,Muddy Hall
957,Alaska Long Spur,Spring Bush
371,Missouri Becker Throughway,Autumn Firefly
820,Illinois Anthony Mills,Old Wind
56,South Dakota Stacy Hollow,Shrill King
903,Idaho Smith Brooks,Rough Tooth
142,Virginia Diana Fall,Billowing Forest
123,New Jersey Ford Terrace,Hidden Recipe
623,Nebraska Daniel Street,Fragrant Sun
721,Connecticut Medina Gateway,Broken Salad
172,Oregon Jason Curve,Rapid Heart
168,Utah Erin Ports,Cool Rice
652,Hawaii Jenkins Motorway,Winter Wave
716,Montana Hall Route,Holy Bonus
82,Oklahoma Desiree Plains,Proud Paper
904,Alabama Carol Radial,Nameless Credit
350,Maine Chad Turnpike,Aged Shadow
518,Montana Courtney Isle,Aged Disk
104,Alabama Shawn River,Curly Meadow
961,Hawaii Taylor Light,Raspy Pond
491,South Dakota Sanchez Passage,Dark Sun
72,Rhode Island Webb Alley,Nameless Smoke
943,Wisconsin Gardner Plain,Winter Dust
597,Arkansas Sandra Pass,Lively Salad
227,Montana Rowe Terrace,Floral Shape
444,Alabama Katherine Crescent,Super Limit
736,Illinois Tyler Overpass,Steep Bush
651,Rhode Island Dakota Island,Floral Bush
800,Arkansas Martin Pines,Falling Mud
464,South Carolina Bryant Route,Fancy Frost
326,Kansas Ingram Course,Red Band
794,Oklahoma Mary Extension,Restless Cell
247,Alaska Alicia Skyway,Lively Union
588,Ohio Cindy Key,Hidden Sound
521,Missouri Michelle Junctions,Shrill Cell
67,Utah Bobby Plaza,Wandering Dust
765,Kentucky Katie Crest,Twilight Poetry
505,Kansas Allen Motorway,Aged Union
249,Louisiana Stout Camp,Noisy Dew
443,Arizona Hernandez Plaza,Lucky Night
238,New Mexico Daniel Turnpike,Dry Disk
250,New Mexico Black Ridge,Rapid Frog
88,Idaho Henry Springs,Young Resonance
363,Wisconsin Andrea Forge,Cool Salad
947,Montana Rebecca Drives,Tight Snow
578,Louisiana Moreno Village,Steep Unit
187,Michigan Andrea Fields,Little Bird
150,North Dakota Kiara Green,Tight Fog
351,Kentucky Sandra Points,Gentle Truth
517,Montana Thomas Overpass,Patient Butterfly
853,Kentucky Campos Green,Lingering Frost
706,California Stephanie Burg,Plain Bird
53,Colorado Grant Estates,Weathered Wind
476,Virginia Brittany Freeway,Long Thunder
209,New Hampshire Sandra Cape,Dry Mud
836,Pennsylvania Pamela Plains,Little Pine
589,New Mexico Michelle Radial,Withered Tooth
846,Iowa Lee Freeway,Floral Cherry
226,South Dakota Johnny Cliffs,Billowing Voice
96,Oklahoma Clark Route,Steep Wind
253,California Marcus Burgs,Long Wind
867,North Dakota Keith Trace,Steep Recipe
586,West Virginia Lewis Parkway,Cool Feather
838,South Dakota Charles Bypass,Small Bonus
494,Indiana Michael Extensions,Twilight Mode
343,Delaware Sara Radial,Frosty Bird
627,Florida John Way,Falling Paper
842,New York Owens Walk,Shy River
333,Mississippi Susan Light,Sparkling Hill
798,Pennsylvania Brown Forest,Quiet Butterfly
390,South Carolina Mason Harbor,Broad Tooth
531,Tennessee Jack Loaf,Sweet Pond
855,South Dakota Katrina Shores,Shiny Math
587,West Virginia Anthony Ferry,Sparkling Pine
234,South Dakota Adams Oval,Plain Math
960,Idaho Nichole Mission,Withered Thunder
393,Illinois Larsen Fields,Quiet Truth
893,Louisiana Todd Stravenue,Icy Base
368,South Carolina Rodriguez Forges,Misty Truth
422,Ohio Robinson Haven,Cool Mud
907,Nebraska Carlson Grove,Lucky Tooth
273,Mississippi Jones Oval,Soft Thunder
18,South Carolina Sweeney Knolls,Sparkling Shadow
621,Hawaii William Pines,Solitary King
939,North Dakota Ross Coves,Quiet Bush
103,Iowa Michelle Keys,Solitary Breeze
658,Alaska Rebecca Square,Damp Disk
950,Florida Richmond Corners,Young Waterfall
696,California Tracy Rest,Yellow Cake
971,Michigan Pitts Port,Solitary Wind
352,Georgia Richard Prairie,Lively Paper
526,Alaska Adams Path,Old Firefly
660,Mississippi Ball Lock,Royal Breeze
930,Massachusetts Paul Way,Broken Resonance
650,Arizona Lisa Pine,Empty Morning
165,Iowa Thomas Spurs,Broken Moon
87,Alabama Robin Port,Jolly Dawn
184,Minnesota Thomas Alley,Black Butterfly
551,Kansas Cindy Corner,Steep Scene
958,Maine Karen Alley,Super Brook
290,Illinois Elizabeth Stream,Floral Bush
618,Georgia Lewis Squares,Dark Hill
266,Iowa Herring Key,Hidden Cherry
105,New Jersey Shaw Point,Bold Snowflake
218,Colorado Leonard Estate,Sparkling Sun
539,New Jersey Mcbride Viaduct,Wild King
24,Louisiana Jose Causeway,White Dream
118,Hawaii Juan Crossroad,Cold Wave
581,New Jersey Pennington Fort,Empty Silence
342,Alaska Williams Flats,Late Frog
929,Texas Rojas Crossroad,Dry Cloud
174,Oklahoma Audrey Curve,Dry Forest
861,Montana Gallegos Trail,Little Bonus
404,Utah Michelle Harbors,Misty Night
94,Alabama Olson Springs,Crimson Wave
83,New York Gregory Square,Young Morning
633,Idaho Rhodes Ford,Royal Brook
705,Iowa Laura Crossroad,Broken King
133,Kansas Martinez Valleys,Proud Unit
750,Florida Melissa Lodge,Polished Darkness
868,Wyoming Baker Land,Dawn Bar
255,Virginia Linda Parks,Icy Unit
167,Idaho Myers Unions,Curly Hall
280,Wisconsin Austin Vista,Solitary Snowflake
577,Ohio Dana Drive,Royal Night
415,Delaware Sabrina Branch,Spring Limit
71,South Dakota Wilkins Throughway,Morning Paper
405,Wyoming Leslie Village,Curly Rice
48,Indiana Cheryl Viaduct,Frosty Band
217,Vermont Mccoy Hollow,Patient Recipe
707,California Steven Crescent,Fragrant Waterfall
702,New Hampshire Matthews Throughway,Wispy Night
557,North Dakota Marks Bridge,Snowy Snowflake
792,Mississippi Gibbs Manors,Dawn Hat
742,Oklahoma Jeanette Club,Small Frog
509,Delaware Donna Mount,Round Wave
27,Alabama Patrick Mount,Long Term
86,Utah Holmes Rapids,Cold Shape
936,Oregon Alice Via,Autumn Mouse
49,North Carolina Navarro Crescent,Crimson Cloud
299,Wyoming Morrison Lodge,Bitter Dust
629,Rhode Island Mcdonald Motorway,Damp Violet
148,Arkansas Paul Brook,Red Hall
996,Oregon Mary Burgs,Spring Bread
573,Alabama Hall Square,Nameless Field
271,Illinois Frank Causeway,Summer Tooth
605,Connecticut Dana Extensions,Sweet Sun
704,Maryland Lloyd Meadow,Tight Wave
355,Indiana Nicole Ports,Broken Union
654,New York Mclaughlin Highway,Quiet Truth
155,Maryland Wade Radial,Broken Sky
594,Rhode Island Nicholas Stravenue,Proud Shape
676,Indiana Webb Summit,Cool Moon
341,Missouri Lynch Expressway,Broken Grass
782,North Carolina Grant Mall,Damp Pond
207,Nebraska Joseph Loop,Square Mountain
555,Mississippi Eric Cove,Patient Wave
595,North Dakota Johnson Square,Winter Grass
609,Tennessee Tristan Plain,Damp Art
177,New Mexico Kennedy Mills,Empty Term
489,Utah Ashley Green,Odd Sea
364,New York Adam Route,Still Cake
647,South Dakota Anderson Ways,Jolly Butterfly
691,Massachusetts Theresa Port,Winter Darkness
125,Michigan Karen Lodge,Dark Moon
454,Pennsylvania Mcgrath Springs,Black Snow
416,New York Sosa Turnpike,Young Breeze
536,Florida Chad Mountains,Old Cloud
52,Massachusetts Ann Stravenue,Proud Boat
703,Louisiana Kimberly Union,Restless Mode
796,Oregon Michael Locks,Restless Moon
757,Alaska Jones Drive,Delicate Mouse
369,Oregon Garcia Glens,Ancient Glade
136,Washington Mcconnell Oval,Little Bird
57,Rhode Island Pittman Vista,Dry Boat
979,West Virginia Gaines Mills,Falling Unit
955,North Carolina Jessica Wells,Curly Flower
900,Georgia Paul Mount,Polished Grass
607,West Virginia Peterson Extensions,Young Disk
780,Idaho Sandoval View,Sweet Resonance
286,Montana Soto Burgs,Yellow Flower
219,Illinois Brown Station,Square Thunder
475,Florida Christine Centers,Black Cloud
14,New Hampshire Gary Rest,Damp Art
982,Connecticut Henry Fort,Young Paper
237,Iowa Newman Summit,Square Water
717,Rhode Island Duarte Prairie,Summer Field
152,South Dakota Mccoy Hill,Weathered Haze
762,New Mexico Andersen Islands,Jolly Dream
556,Maryland Kathryn Field,Falling Scene
348,Kentucky Devin Village,Falling Butterfly
380,Oregon Brown Knoll,Shiny Sun
636,West Virginia Herman Shores,Wild Dust
640,New Hampshire Christopher Highway,Orange Flower
122,Texas Jennifer Prairie,Curly Pond
420,Oklahoma Porter Valleys,Delicate Water
436,Maine Williams Glen,Noisy Base
362,Massachusetts William Loop,Restless Firefly
857,South Dakota Harris Viaduct,Muddy Surf
528,Maryland Shari Lights,Fragrant Wind
814,Nevada West Rapid,Bold Art
856,Indiana Reed Stream,Damp Mountain
550,Utah Jessica Tunnel,Raspy Tooth
59,Delaware Adams Roads,Flat Cherry
692,Mississippi Robert Tunnel,Tiny Salad
241,Maine Jones Parkway,Mute Forest
89,Oregon Davis Road,Late Sun
711,North Carolina Frank Crossroad,Floral Haze
522,Tennessee Figueroa Valleys,Round Fire
413,Indiana Tucker Stream,Wandering Hat
134,New Mexico Whitaker Stream,Cold Frog
70,Missouri Anthony Lake,Dark Wind
710,Nevada Charles Common,Holy Band
73,Wyoming Holly Shoals,Billowing King
29,Alaska Parks Mission,Blue River
361,Utah Rogers Route,Nameless Field
962,Nebraska Patricia Vista,Weathered Field
892,Wisconsin Jeffery Ports,Lucky Moon
845,Massachusetts James Prairie,Dawn Bar
399,New York Pam Overpass,Shy Rice
501,Vermont Rita Valley,Late Hat
860,Idaho Rodriguez Views,White Credit
459,Indiana Fitzgerald Viaduct,Autumn Cake
10,Missouri Mark Drive,Round Bush
722,Oklahoma Ramirez Lake,Fancy Sound
78,Pennsylvania Brendan Brook,Bold Lab
598,Arizona Frederick Causeway,Aged Boat
35,Rhode Island Olson Cape,Long Poetry
401,Pennsylvania Danielle Neck,Square Frost
198,Alaska Christopher Islands,Bold Rain
775,Nevada Jill Freeway,Round Wood
604,Rhode Island Angela Dam,Yellow Fog
976,Wisconsin Soto Union,Quiet Night
313,Illinois Harrison Hollow,Cold Math
246,Ohio Kirk Plains,Tight Wind
697,Mississippi Bailey Islands,Delicate Rice
941,Nebraska Lauren Lakes,Frosty Voice
39,Wyoming Lori Mountain,Crimson Mountain
997,Pennsylvania Edwards Gateway,Lively Math
579,Texas Lynn Landing,Broken Night
360,Delaware Robert Summit,Rapid Bonus
569,Mississippi Gutierrez Brooks,Gentle Bonus
206,Massachusetts Perry Forge,Little Star
544,Kentucky Jeremiah Harbor,Flat Grass
733,Maryland Colleen Avenue,Young Art
92,North Carolina Price Dale,Lively Forest
182,Montana Johns Views,Tiny Leaf
223,Massachusetts Andrade Tunnel,Delicate Resonance
387,Hawaii Sarah Flats,Bitter Sea
624,New Hampshire Davis Street,Bold Wildflower
440,Oregon Brenda Park,Fragrant Voice
175,Hawaii Padilla Plain,Sweet Snowflake
93,Alabama Woods Square,Crimson Band
143,Nebraska Elizabeth Crest,Bold Wind
625,Illinois Shelley Wall,Mute Wood
69,Ohio David Keys,Square Disk
407,New York Brittney Wall,Snowy Credit
865,Rhode Island Allen Radial,Odd Night
592,Oklahoma Troy Ridge,Summer Wood
833,Hawaii Katherine Harbors,Shiny Truth
875,Maine Pamela Inlet,Late Dawn
825,Maine Robinson Island,Fragrant Mouse
435,Colorado John Skyway,Young Pine
470,Arkansas Martinez Cove,Floral Water
801,Minnesota Norris Inlet,Mute Dawn
975,Alaska Brian Tunnel,Small Wood
21,New Jersey Adam Ford,Round Smoke
848,Maryland Christopher Circles,Raspy Firefly
708,Utah Torres Stravenue,Still Shadow
756,Michigan Stephanie Field,Sweet Disk
768,Iowa Kendra Villages,Floral Frog
283,California Dixon Pine,Patient Hill
552,Nevada John Road,Calm Waterfall
408,South Dakota Amanda Ranch,Super Bar
279,Montana Bowers Bridge,Orange Limit
242,Virginia Thompson Circles,Nameless Math
439,Idaho Seth Village,Lively Glitter
412,Texas Jason Cliffs,Round Butterfly
90,Maryland Dixon Plaza,Fancy Dew
686,Washington Rios Glen,Divine Wildflower
22,Arizona Clarke Shore,Morning Surf
538,Delaware Ashley Road,Late Meadow
117,North Carolina Lori Orchard,Restless Queen
221,Nevada Eric Center,Little Forest
452,Tennessee Kevin Run,Delicate Queen
339,Mississippi Ronald Bypass,Super Sunset
44,New Mexico Vanessa Junction,Odd Hall
124,Minnesota Barnes Summit,Little Forest
46,South Dakota Sara Tunnel,Wild Meadow
599,Oklahoma Jason Flats,Broken Sun
467,Hawaii Moore Alley,Bold Bush
263,Indiana Wayne Track,Weathered Rice
365,North Dakota Berger Shoal,Spring Recipe
370,Vermont Christopher Walks,Solitary Mode
858,New Hampshire Alexis Burg,Little Mouse
788,Connecticut Joseph Green,Nameless Poetry
795,Pennsylvania James Passage,Flat Voice
916,Arkansas Mcdonald Locks,Muddy Snow
977,New Mexico Webb Heights,Yellow Thunder
376,Utah Charles Roads,Sparkling Leaf
204,Mississippi Mann Run,Dawn Scene
50,New Mexico Kimberly Club,Round Snow
199,Wisconsin Adrian Ford,Fancy Darkness
400,Nevada Valdez Skyway,Flat King
951,Iowa Crystal Fields,Steep Truth
481,Oregon Gregory Wells,Cold Block
448,Maine Barnett Path,Solitary River
923,Montana Gonzalez Crossing,Lively Mountain
863,Maine Jackson Lodge,Black Snowflake
758,Arkansas Weber Mountains,Spring Sea
469,North Dakota Jones Stravenue,Rough Snowflake
402,Wisconsin Bradley Road,Cold Lab
678,Nebraska Zachary Terrace,Wandering Violet
58,Wisconsin Steven Walks,Silent Block
258,Kentucky Kevin Pike,Delicate Water
306,Idaho Michael Plains,Flat Disk
777,Hawaii Durham Stravenue,Mute Night
159,New Jersey Wilson Lodge,Purple Cherry
437,Oregon Ellen Dale,Dawn Lab
33,Maine Tammy Estate,Quiet Sun
905,Utah Aguilar Street,Rough Breeze
264,Oklahoma Moss Court,Holy Star
946,Virginia Perry Rapids,Lucky Pine
188,Illinois Barbara Corners,Wild Union
465,New Mexico Gibson Spurs,Shiny Credit
457,Virginia Brown Square,Holy Hill
2,Virginia Christopher Street,Damp Waterfall
185,Arkansas West Knoll,Dark Pond
889,North Dakota Farmer Hollow,Summer Bar
966,Florida Frank Isle,Super Sunset
803,Ohio Kenneth Fall,Wispy Mud
170,South Dakota Allen Islands,Autumn Rain
680,California Debra Mountain,Ancient Rain
95,Oregon Allen Springs,Frosty Wildflower
312,North Carolina Acosta Junctions,Flat Art
503,Pennsylvania Hailey Burg,Steep Snow
870,Arkansas Bruce Hollow,Quiet Thunder
790,Idaho Cervantes Common,Lucky Feather
212,New Mexico Meyer Fords,Steep Silence
195,Florida Barry Place,Wild Art
441,California Christopher Camp,Holy Bird
334,Wyoming Chad Wells,Sparkling Meadow
908,South Dakota Rivera Station,Holy Mud
316,Oregon Daniel Way,Cold Darkness
154,Wyoming Brian Course,Throbbing Base
564,Iowa Kimberly Crossroad,Polished Hall
989,Arizona Ryan Mission,Solitary Sun
952,Mississippi Robert Stravenue,Billowing King
272,Delaware Austin Fort,Silent Base
932,Colorado Rebecca Summit,Bitter Hat
990,Idaho Traci Cove,Old Butterfly
60,Alabama Lopez Bypass,Falling Breeze
866,California Villanueva Valley,Blue Sun
392,New York Johnson Overpass,Weathered Queen
20,Maine Kimberly Vista,Mute Poetry
828,Iowa Susan Via,Young Term
972,Idaho Martin Dale,Still Hat
270,Alabama Estrada Junctions,Dawn Shadow
769,Idaho Miguel Land,Withered Bonus
748,Connecticut Mcfarland Brook,Bold Sea
922,Wisconsin Jones Mountains,Empty Tree
97,Utah Bowen Garden,Holy Bread
810,Kansas Tracy Overpass,Shrill Leaf
811,Arizona Christopher Mills,Square Term
231,Maryland Jeffrey Hollow,Holy Disk
644,Illinois Hannah Turnpike,Patient Scene
785,Illinois Aaron Square,Shy River
911,Minnesota French Plaza,Patient Heart
311,Hawaii Rodney Villages,Super Art
225,New Jersey Parker Crescent,Small Fire
292,North Dakota Davila Drive,Dry Recipe
17,Kentucky Frazier Inlet,Little Feather
471,New Hampshire Michelle Junction,Silent Queen
876,Idaho Jones Extension,Wild Scene
983,New Hampshire Anderson Lodge,Restless Darkness
325,Missouri Harrington Springs,Bitter Moon
653,Mississippi Contreras Summit,Round Mud
662,Virginia Anna Corners,Wandering Boat
115,Colorado Laura Corners,Polished Math
502,Nebraska Hicks Branch,Rapid Sea
445,California David Lakes,Purple Cloud
291,New York Miranda Rapids,Holy Bonus
108,Kentucky James Throughway,Ancient Fire
615,Colorado Sydney Ranch,Autumn Firefly
553,New Jersey Parker Junctions,Tiny Mud
787,Oklahoma Donovan Course,Green Star
497,South Carolina Amanda Plain,Nameless Base
741,Louisiana Hamilton Bridge,Cold Mode
75,Massachusetts Smith Roads,Nameless Morning
709,Kansas Maria Glens,Lucky Darkness
689,Utah Krueger Prairie,Blue Truth
674,Arkansas Ramirez Shoals,Wild Bar
887,Oregon Diane Plaza,Young Leaf
626,Tennessee Brianna Pike,Black Rain
888,Louisiana Kristin Valleys,Muddy Limit
131,Iowa Smith Junction,Empty Hat
220,South Dakota Anna Haven,Lively Truth
910,Alabama Summers Roads,Cool Wave
525,Maine Anthony Squares,Polished Firefly
993,Wyoming Powell Mills,Summer Darkness
305,Washington Rivera Park,Round Water
254,New Mexico Baker Plaza,Broken Sun
602,New Jersey Bender Mountain,Raspy Dawn
338,Minnesota Ricky Haven,Damp Band
381,South Dakota Blankenship Centers,Yellow Moon
347,Virginia Higgins Route,Nameless Art
755,Texas Adam Squares,Proud Snow
759,New York Morton Underpass,Rapid Poetry
646,New York Calvin Tunnel,Wispy Sea
791,Vermont Fox Crest,Aged Base
614,Maryland Mccormick Branch,Black Sea
906,Arkansas Odonnell Motorway,Gentle Rain
192,Wisconsin Nunez Lane,Aged Violet
329,Florida Connor Field,Fancy Field
909,Nevada Johnson Dale,Flat Dew
917,Nevada Eugene Mountains,Square Snow
228,Wisconsin April Street,Wispy Hill
41,New Mexico Massey Mountains,Lingering Snowflake
447,Arizona Daniel Fort,Lingering Morning
688,Montana Young Turnpike,Small Boat
453,Texas Gibson Union,Calm Firefly
822,West Virginia Debra Meadows,Sweet Term
382,Missouri Cooper Gardens,Round Butterfly
36,Ohio Barry Gateway,Winter Morning
713,Alabama Roberts River,Tiny Glade
216,Illinois Antonio Trail,Noisy Hill
968,New Hampshire Amanda Crescent,Still Math
864,New Mexico Garcia Turnpike,Falling Leaf
229,Georgia Mathews Shore,Wispy Rain
186,Nebraska Christina Land,Round Dew
193,New Hampshire Amy Lights,Withered Wind
732,Connecticut Young Gateway,Throbbing Limit
261,South Carolina Contreras Port,Black Pond
389,Missouri Angela Rest,Misty Frost
884,Maine Sarah Court,Gentle Salad
328,Wisconsin Gary Run,Fancy Rice
388,Rhode Island Evans Isle,Cool Morning
974,Connecticut Torres Cape,Nameless Dream
837,Colorado Johnson Corner,Sweet Meadow
65,Florida Spencer Prairie,Broad Thunder
126,South Dakota Michelle Ford,Old Tree
666,Louisiana Brown Fords,Withered Smoke
473,Idaho Bartlett Ferry,Royal Breeze
763,North Carolina Fuentes Station,Broken Pond
683,Ohio Huang Inlet,Sweet Term
512,Montana Roger Radial,Cool River
942,Colorado Branch Plain,Wispy Truth
450,Hawaii Dickerson Cliffs,Yellow Band
358,Oregon Smith Streets,Broad Bonus
563,Rhode Island Collier Fords,Dark Sunset
385,North Carolina Lorraine Pass,Yellow Paper
34,Utah Adam Spur,Muddy Meadow
410,Missouri Stephens Viaduct,Shrill Night
252,South Carolina Parker Burg,Black Bonus
153,New York Nunez Plaza,Snowy Smoke
425,West Virginia Chapman Streets,Dark Water
120,New Mexico Smith Row,Little Flower
38,Virginia Allison Forks,Bold Bush
276,Nevada Michael Ridges,Shrill Bush
372,Oklahoma Elizabeth Grove,Empty Smoke
297,Nevada Gonzales Flats,Winter Truth
3,Rhode Island Smith Cove,Sweet Band
634,Arizona Quinn Dam,Morning Shadow
128,Nevada Bailey Pines,Wispy Wind
428,Illinois Jesse Mountains,Sparkling Rain
806,Illinois Alyssa Corners,White Base
111,Indiana Cox Gateway,Bitter River
294,Pennsylvania Rasmussen Mount,Raspy Snow
890,Massachusetts Gomez Village,Jolly Pine
146,Illinois Hernandez Neck,Wild Flower
433,Maine Gonzalez Roads,Long Rain
661,South Dakota John Port,Shy Thunder
277,Michigan Connie Land,Royal Frog
956,New Mexico Ramos Hollow,Cool Cell
495,Rhode Island Fernandez Road,Aged Sun
583,Louisiana Chung Branch,Lingering Cloud
330,Nevada Miller Ports,Nameless River
752,Wyoming Keith Curve,Plain Shape
340,Arizona Rodriguez Points,Quiet Lab
468,Louisiana Wise Green,Shy Art
129,Alaska Gibson Islands,Falling Fire
158,Ohio Hunter Green,Shrill Bonus
698,South Dakota Jared Ramp,Small Dream
76,Maine Elaine Cliff,Curly Darkness
321,Ohio Collins Club,Autumn Lab
31,Alaska Harper Haven,Rough Cake
928,California David Summit,Wispy Sea
545,Arizona Michael Mountains,Square Frost
582,Hawaii William Union,Bitter Shadow
576,Utah Jones Ville,Curly Snow
967,Delaware Elliott Isle,Withered Math
442,New York Clark Walks,Old Flower
808,Texas Kimberly Tunnel,Summer Bush
524,Idaho Ware Rapid,Little Wave
345,Connecticut Zachary Court,Falling Resonance
479,Rhode Island Jesse Track,Orange King
970,Tennessee Donaldson Keys,Flat Queen
296,Iowa Perkins Causeway,Calm Mud
64,Texas Moore Well,Lucky Hill
462,Oklahoma Smith Flat,Twilight Paper
998,Montana Rodriguez Rue,Lively Grass
214,Tennessee Jessica Mission,Patient Recipe
902,Arizona Tucker Course,Hidden Sun
66,New Hampshire Amanda Crest,Late Water
61,Colorado Stacy Highway,Calm Glade
635,Hawaii Cole Glen,Super Art
991,Nevada Robinson Brooks,Weathered Recipe
492,Connecticut Turner Stravenue,Silent Dust
619,Pennsylvania Ramirez Gardens,Broken Sky
278,Virginia Freeman Ports,Curly Base
622,Texas Mcclain Plaza,Still Queen
882,South Dakota Benjamin Square,Sparkling Term
373,New Hampshire Juan Dam,Wispy Block
205,Wyoming Robert Ford,Cold Boat
160,Massachusetts Hester Orchard,Orange Mountain
901,Alaska Cervantes Avenue,Misty Butterfly
317,Maryland Shirley Shore,Old Hill
208,Arizona Jones Trace,Cool Hill
603,Vermont Derrick River,Spring Snowflake
37,Kentucky Sandra Estate,Raspy Moon
359,South Dakota Ray Street,Falling Block
477,Utah Martin Brook,Frosty Limit
504,Delaware Candice Fort,Red Star
596,Michigan Thompson Center,Icy Resonance
493,New Mexico Medina Haven,Shiny Star
852,Idaho Guzman Stream,Red Hat
384,Alabama Elizabeth Creek,Lucky Water
873,Ohio Parker Motorway,Divine Sky
251,Massachusetts Eric Springs,Gentle Surf
260,Maine Adrienne Hollow,Jolly Sound
720,Massachusetts Benton Groves,Rough Bonus
178,Massachusetts Nash Mountain,Soft Queen
773,Arizona Loretta Route,Flat Boat
166,Minnesota Chung Landing,Red Cloud
233,Indiana Castillo Spur,Small Dust
931,Nebraska Thomas Run,Withered Wave
289,Missouri Daniel Wall,Young Voice
7,Alaska Amanda Extensions,Old Feather
725,Maine Gibson Centers,Odd Cake
645,Mississippi Edward Squares,Solitary Fog
541,Florida Sara Mountains,Snowy King
324,Nevada Woods Mountain,Floral Unit
456,New Hampshire Romero Ways,Shrill Term
257,Kansas Kramer Junction,Damp Limit
32,New Mexico Austin Centers,Young Frost
894,Wisconsin Garcia Island,Odd Brook
356,Massachusetts Kimberly Circle,Empty Salad
498,California Elizabeth Mountains,Proud Mountain
585,Colorado Harris Garden,Lingering Forest
572,North Carolina Jon Stream,Shrill Darkness
130,Delaware Jasmine Fort,Cold Feather
287,Michigan Allen Glens,Bitter Meadow
196,Connecticut Alexandra Hills,Long Dew
507,Louisiana Evans Way,Still Mode
121,Arizona Carla Creek,Dry Surf
482,Colorado Gerald Fork,Dawn Hill
319,Tennessee Brandi Stravenue,Fancy Salad
879,Connecticut Torres Drives,Divine Credit
113,Rhode Island Fox Fort,Weathered Tree
259,Connecticut Perkins Way,Restless Wildflower
747,Texas Mary Alley,Still Art
724,Oregon Michael Lakes,White Sun
590,Indiana Garza Manors,Lively Cloud
140,New Mexico Robert Brooks,Jolly Mouse
300,Nebraska Jane Station,Hidden Block
332,Louisiana Karen Well,Aged Bird
829,North Carolina Baldwin Avenue,Round Paper
985,Massachusetts Perry Orchard,Round Water
606,California Beth Expressway,Weathered Fog
973,Nebraska Zachary Garden,Green King
295,Rhode Island Dickson Valley,Lingering Mode
549,Utah Michael Plaza,Still Breeze
190,Texas Tyler Prairie,White Wind
673,Indiana Reese Causeway,Flat Darkness
672,Alabama Miller Plaza,Bitter Sky
849,New Mexico Torres Coves,Round Meadow
610,Louisiana Joseph Hollow,Nameless Mode
523,Nebraska Michael Forest,Soft Block
729,Idaho Garrett Ports,Broad Limit
731,Florida Jacobson Route,Sweet Mode
55,New York Hernandez Trace,Throbbing Disk
844,Nevada Barker Harbor,Yellow Cake
726,Mississippi Maldonado Lane,Long Frog
353,Georgia Courtney Greens,Super Heart
529,Oregon Martinez Trail,Shrill Sun
743,Michigan Boone Ville,Royal Disk
430,Oregon Paul Crossing,Throbbing Tooth
567,Missouri Ortiz Turnpike,Raspy Darkness
157,Kansas Coleman Vista,Green Cherry
767,Iowa Mckenzie Grove,Small Sound
988,Arizona Smith Alley,Lively Forest
396,California Ward Square,Red Fog
322,New Jersey Lindsey Hill,Lingering Sea
612,Montana George Greens,Noisy Limit
630,Vermont Noah Way,Empty Base
570,Iowa Anna Junctions,Black Unit
308,Wyoming Bradley Fields,Frosty Shadow
147,Maryland Crystal Mountains,Lucky Tooth
432,Oregon Paul Highway,Frosty Block
547,Wyoming Christopher Trace,Divine Wave
687,Arkansas Diane Glens,Shy Rain
256,Arizona Conley Mountains,Purple Water
215,Mississippi Melanie Locks,Broken Snowflake
232,Delaware Julie Lakes,Fragrant Term
774,Wisconsin April Ford,Withered Credit
268,Nebraska Martinez Track,Mute Cell
880,Hawaii Brooke Ferry,Broad Breeze
284,Louisiana Solomon Knolls,Tiny Cherry
804,Connecticut Ramirez Circle,Solitary Queen
912,Michigan Nelson Mountain,Plain Feather
79,Idaho Crystal Way,Super Base
883,Missouri David Forges,Rapid Breeze
675,Mississippi Reyes Ville,Old Cell
302,New Jersey Kenneth Flats,Misty Snowflake
320,Texas Chavez Neck,Fancy Cell
776,Hawaii Sanford Isle,Dry Bonus
754,Louisiana Michael Terrace,Blue Snow
719,Nebraska Colin Fall,Cold Resonance
575,Wyoming Collins Spurs,Throbbing Credit
100,North Dakota Karen View,Silent King
727,Oregon Terrence Landing,Old Boat
913,Indiana Burns Plaza,Dark Mouse
559,Illinois Brooke Courts,Bold Salad
871,Oregon Rodriguez Mountains,Plain Dream
490,Louisiana Sarah Plaza,Odd Surf
514,Washington Gomez Loaf,Dark Surf
395,Michigan Tyler Ways,Winter King
472,Delaware Porter Run,Tiny Forest
378,Wyoming April Track,Muddy Fire
723,Arizona Garcia Islands,Raspy Lake
310,South Carolina Brandi Knolls,Gentle Snowflake
224,Illinois Morrow Freeway,Plain Smoke
751,Louisiana Miller Garden,Bitter Pine
679,Maryland Wilson Cliffs,Wild Hall
391,Washington Brandon Groves,Lingering Darkness
637,Maine Carla Ramp,Flat Limit
667,Mississippi Jennifer Keys,Wispy Sunset
106,New Jersey Moore Passage,Twilight Scene
940,Minnesota Randall Coves,Noisy Mouse
314,Alabama Ponce Radial,Empty Mouse
426,New Hampshire Amy Hills,Super River
288,Nebraska Gene Locks,Round Sound
179,Georgia Carlson Forest,Cold Darkness
772,New Mexico Franklin Shoal,Wispy Sun
45,Alabama Alvarez Camp,Lively Disk
580,Alabama Wayne Track,Holy Cherry
449,Washington Valerie Landing,Shrill Art
877,North Dakota Charles Dam,Little Flower
616,Colorado Dawn Extension,Plain Wind
770,New York Russell Run,Solitary Lake
992,Idaho Garcia Square,Royal Meadow
797,Washington Mora Underpass,Polished Mountain
562,Utah Karen Tunnel,Twilight Smoke
510,Indiana Pamela Ramp,Shy Hat
282,New Hampshire Brian Run,Little Queen
684,Missouri Brandy Court,Wild Unit
210,Florida Danny Coves,Divine Dust
110,Michigan Meghan Pine,Dry Dust
161,North Dakota Turner Skyway,Orange Thunder
714,Alabama Emily Highway,Plain Moon
740,Louisiana Hull Lights,Empty Smoke
26,Hawaii Michael Springs,Misty Pine
423,Maine Williams Rapids,Snowy Frog
163,Maine Clark Radial,Steep Flower
784,Minnesota Michael Cliff,Misty Hill
953,New Hampshire Katherine Centers,Divine Shape
681,Virginia Laura Forges,Twilight Grass
895,Tennessee Stephanie Fields,Weathered Math
617,Idaho Wood Way,Black Poetry
43,Pennsylvania King Lane,Jolly Field
591,New Jersey Edward Trafficway,Tiny Mouse
715,South Dakota Paula Prairie,Shrill Cherry
823,Montana Logan Freeway,Blue Sun
832,Missouri Moore Manors,Lively Moon
429,Connecticut Smith Wells,Soft Band
508,Hawaii Katrina Rest,Quiet Resonance
374,Florida Daniel Union,Shiny Rice
816,California Turner Spring,Snowy Heart
139,Montana Melendez Plaza,Round Bird
699,Tennessee Lozano Run,Black Silence
80,Illinois Coleman Burg,Broken Wood
