669,ESP,Wild Meadow,TE,3.77708E+12
1,Carvin,Dry Mud,A6E,4.45457E+12
2,Martin,Mute Heart,D-45,2.02725E+12
3,Gretsch,Purple Limit,Reverend Horton Heat,2.20569E+12
4,Jackson,Shrill Thunder,Juggernaut,6.02914E+12
5,Taylor,Lingering Flower,800 Series,2.26872E+12
6,ESP,Falling Pond,MH,7.6418E+11
7,Fender,Frosty Wave,Stratocaster,9.62008E+12
8,Ibanez,Broken Hat,PS10,2.76707E+11
9,Scala,Dark Term,ES,7.83057E+12
10,Charvel,Little Pond,Guthrie Govan Signature,6.21297E+12
11,Schecter,White Surf,C-7 SLS Evil Twin,3.20069E+12
12,Guild,Delicate Breeze,Starfire,9.27878E+12
13,Fender,Misty Boat,Telecaster,7.11312E+12
14,Taylor,Ancient Limit,200 Series,5.86514E+12
15,Epiphone,Dry Frog,SG Jr,6.2658E+12
16,Carvin,Tiny Smoke,C7H,8.46876E+12
17,Schecter,Steep Frog,E-1 Custom,1.7523E+12
18,ESP,Falling Shape,Viper,4.4944E+12
19,Martin,Shy Bar,D-45,1.04665E+12
20,Gretsch,Noisy Math,G5425,2.71441E+12
21,ESP,Muddy King,H3,5.45648E+12
22,ESP,Winter Bread,EX,2.11992E+12
23,Carvin,Black Wildflower,CT624X,6.64361E+12
24,Martin,Withered Pine,00-28,9.91164E+12
25,Scala,Silent Limit,Junkyard,3.4242E+12
26,Gibson,Orange Cake,Les Paul Custom,9.26287E+12
27,Scala,Raspy Pond,T-Style,7.4563E+12
28,Schecter,Spring Block,E-1 Custom,3.98535E+12
29,Friedman,Flat Wave,Vintage-S,8.1313E+12
30,Scala,Empty Mountain,Junkyard,4.71632E+12
31,Gibson,Wild Cloud,Les Paul Standard,7.58311E+12
32,Washburn,Red Brook,L20,3.27097E+12
33,Schecter,Broken Breeze,C-7 SLS Evil Twin,9.70156E+12
34,ESP,Calm Poetry,Xtone,8.41347E+12
35,Martin,Quiet Breeze,D-45,7.66577E+12
36,Paul Reed Smith,Autumn Band,SE Carlos Santana,4.3264E+12
37,Fender,Still Leaf,Telecaster,6.52659E+12
38,B.C. Rich,Restless King,Beast,7.79266E+12
39,Martin,Black Glade,D-45,8.29648E+12
40,Scala,Curly Surf,Junkyard,6.0107E+12
41,Friedman,Muddy Smoke,Cali,7.64309E+12
42,ESP,Curly Silence,Arrow,2.26148E+12
43,Gretsch,Dawn Sea,Black Penguin,7.41668E+12
44,Charvel,Still Disk,DK,2.26863E+12
45,Washburn,Withered Term,J3,5.50222E+12
46,Rickenbacker,Soft Feather,Model 360,5.55899E+12
47,Schecter,Round Rain,C-7 SLS Evil Twin,7.19309E+12
48,Washburn,Odd Sea,M10FRQ,1.65895E+11
49,Carvin,Little Glitter,A6E,9.97145E+12
50,ESP,Winter Morning,Xtone,2.25337E+12
51,Charvel,Muddy Frog,DK27,2.59514E+12
52,Gibson,Broken Cherry,Les Paul Classic,6.76382E+12
53,Scala,Withered Rice,Burst,9.08996E+12
54,Epiphone,Dark Frog,Les Paul Standard Double Cut,8.97734E+12
55,Fender,Aged Haze,Jaguar,81165206056
56,Epiphone,Silent Glitter,Les Paul Standard Double Cut,6.57091E+12
57,Gibson,Bold Union,Explorer,1.72411E+12
58,Martin,Silent Mud,00-28,4.88093E+11
59,Epiphone,Broken Rice,Coronet,33724206984
60,Scala,Plain Shape,Underdog,9.25022E+12
61,G&L,Bitter Sun,Fullerton Deluxe Skyhawk,5.60411E+12
62,Scala,Sparkling Frost,ES,5.31367E+12
63,Martin,Restless Truth,Ed Sheeran Signature,6.06536E+12
64,Fender,Ancient Darkness,Mustsang,7.62314E+12
65,Rickenbacker,Old Meadow,Model 330-12,2.49867E+12
66,Washburn,Divine Lab,J3,8.51814E+12
67,B.C. Rich,Icy Frost,Stealth,2.41409E+12
68,Martin,Lively Frog,HD-35,7.48032E+12
69,Gibson,Shy Boat,Les Paul Jr,8.49956E+12
70,Carvin,Wild Salad,A6H,8.09211E+12
71,Jackson,Withered Brook,Kelly,5.74733E+12
72,Gibson,Purple Glade,Les Paul Classic,3.19624E+12
73,Guild,Lively Night,Doubleneck Custom,4.7023E+12
74,Charvel,Soft Pine,Guthrie Govan Signature,9.05471E+12
75,Washburn,Jolly Feather,J600,7.79608E+12
76,ESP,Late Night,Viper,3.95096E+12
77,Gibson,Sparkling Darkness,SG Jr,3.24116E+12
78,Ibanez,Raspy Grass,PGM333,9.22448E+12
79,G&L,Lively Grass,Fullerton Deluxe Skyhawk,6.53747E+12
80,Taylor,Cold Base,200 Series,4.01749E+12
81,Jackson,Ancient Band,Rhoads,2.29932E+12
82,B.C. Rich,Twilight Rain,Virgin,8.45623E+12
83,Taylor,Spring Scene,200 Series,8.03961E+12
84,Paul Reed Smith,Broken Hill,SE Carlos Santana,5.52063E+12
85,Schecter,Quiet Mode,C-7 SLS Evil Twin,2.43306E+12
86,Washburn,Wispy Sun,M10FRQ,8.58398E+12
87,Charvel,Super Leaf,DK27,4.87729E+12
88,Gibson,Lively Snowflake,ES-355,3.75401E+12
89,Rickenbacker,Broken Lake,Model 360,2.4713E+12
90,Carvin,Dark Pine,C7H,1.3331E+12
91,Paul Reed Smith,Solitary Wind,SE Custom 22 Semi-Hollow,9.38862E+12
92,G&L,Polished Tree,Tribute Fallout,8.20533E+12
93,Washburn,Withered Feather,J600,5.45026E+12
94,Fender,Red Cake,Duo-Sonic,9.90531E+12
95,Ibanez,Bold Base,JS2480MCR,1.15255E+12
96,Gibson,Bitter Sea,Les Paul Standard,7.7472E+12
97,B.C. Rich,White Thunder,Wave,8.94081E+12
98,Paul Reed Smith,Raspy Poetry,McCarty 594,9.17699E+12
99,Carvin,Dawn Hall,A6E,8.45733E+12
100,Paul Reed Smith,Billowing Cake,McCarty 594,8.72666E+12
101,Charvel,Weathered Sun,So-Cal Style,9.14472E+12
102,Guild,Square Star,Doubleneck Custom,1.32982E+12
103,Carvin,Round Wildflower,A6C,5.27607E+12
104,Guild,Jolly Dust,Doubleneck Custom,9.5073E+11
105,Rickenbacker,Rough Bonus,Model 1993 Plus,6.16487E+12
106,Gibson,Throbbing Smoke,SG,5.2034E+12
107,G&L,Wispy Night,Fullerton Deluxe Comanche,8.0469E+12
108,Scala,Odd Pond,ES,6.31829E+12
109,Washburn,Hidden Boat,J3,8.04425E+12
110,Schecter,Noisy Wind,Keith Merror KM-7,8.53129E+12
111,Gibson,Sweet Base,SG,4.65505E+12
112,Charvel,Aged Tooth,DK,6.85065E+12
113,Scala,Fragrant Mud,T-Style,2.73628E+12
114,Guild,Super Rain,Doubleneck Custom,2.08899E+12
115,Epiphone,Curly Resonance,Explorer,2.90933E+12
116,Washburn,Young Shape,HB35,4.01866E+11
117,Scala,Winter Cherry,Junkyard,6.50508E+12
118,Taylor,Delicate Voice,600 Series,8.09497E+12
119,Schecter,Damp Flower,C-6 Pro,4.42116E+12
120,Martin,Shiny Paper,Ed Sheeran Signature,5.19719E+12
121,Jackson,Plain Sea,Juggernaut,5.30311E+12
122,Epiphone,Raspy Bird,Les Paul Standard Double Cut,9.08691E+12
123,Jackson,Twilight Sky,Juggernaut,9.90721E+12
124,Taylor,Green Recipe,300 Series,4.74618E+12
125,Ibanez,Still Night,JS1CR Joe Satriani,1.09976E+12
126,B.C. Rich,Little Mode,Eagle,4.14538E+12
127,G&L,Orange River,Tribute Fallout,1.16931E+12
128,Carvin,Misty Queen,A6E,7.25962E+12
129,G&L,Orange Mud,Fullerton Deluxe Doheny,6.00343E+12
130,Jackson,Frosty Shadow,Kelly,1.83509E+12
131,Rickenbacker,Still Wind,Model 1993 Plus,7.01132E+12
132,Rickenbacker,Rough Hat,Model 1993 Plus,7.69253E+12
133,Rickenbacker,Winter Mountain,Model 300,8.16218E+12
134,G&L,Nameless Base,Tribute Fallout,9.88521E+12
135,Paul Reed Smith,Small Salad,Carlos Santana Signature,2.24604E+11
136,Martin,Gentle Pine,00-28,3.81481E+12
137,Fender,Crimson Flower,Meteora,2.08314E+12
138,Gibson,Raspy Bonus,ES-355,7.78265E+12
139,Friedman,Aged Bread,Cali,1.1917E+12
140,Gretsch,Dry Forest,Chet Atkins,2.41377E+12
141,Martin,Soft Firefly,Style 3 Centennial,7.04638E+12
142,Paul Reed Smith,Holy Feather,SE 245 Standard,3.57636E+12
143,Washburn,Twilight Butterfly,HB15,1.16457E+12
144,Jackson,Late Heart,Juggernaut,4.71987E+12
145,Gretsch,Orange Union,White Penguin,8.98664E+12
146,ESP,Orange Star,FRX,6.65186E+12
147,Martin,Blue Block,D-45,72968192110
148,Epiphone,White Cake,Explorer,5.98792E+12
149,Friedman,Sweet Dawn,Vintage-T,3.24699E+12
150,Fender,Hidden Tooth,Stratocaster,2.04052E+12
151,Ibanez,Small Lab,PGM333,9.21982E+12
152,Gretsch,Dawn Cake,Irish Falcon,2.29355E+12
153,Schecter,Silent Voice,Solo-II,8.02464E+12
154,Ibanez,Shiny Cloud,PS10,6.5731E+12
155,Scala,Broken Leaf,Burst,7.47826E+12
156,Guild,Rapid Wildflower,Starfire,2.12728E+12
157,Carvin,Spring Flower,A6C,8.50395E+12
158,Guild,Crimson Bonus,A-150,3.62613E+12
159,Taylor,Black Base,400 Series,9.62224E+12
160,Friedman,Nameless Disk,Vintage-T,6.65639E+12
161,Epiphone,Floral Fog,ES-330,6.63747E+12
162,Squier,Lingering Shape,Jazzmaster,7.17771E+12
163,Carvin,Delicate Flower,CT624X,5.88631E+12
164,Ibanez,Shiny Haze,PM200,5.27123E+12
165,Charvel,Late Sunset,DK24,3.23961E+12
166,Gibson,Bold Forest,ES-330,3.56894E+12
167,ESP,Broad Bonus,Viper,43635161845
168,Epiphone,Still Shape,Les Paul Custom,6.38334E+12
169,Friedman,Wandering Shape,Cali,8.83831E+12
170,Jackson,Red Silence,Juggernaut,2.31195E+12
171,Martin,Lively Lake,GPC-28E,2.52779E+12
172,Squier,Long Truth,Meteora,7.19275E+12
173,Friedman,Still Butterfly,Metro-D,8.1806E+12
174,Ibanez,Autumn Frost,JS2480MCR,2.56027E+12
175,Guild,Sweet Breeze,D25M,3.84946E+12
176,G&L,Soft Paper,Fullerton Deluxe Doheny,57650879302
177,ESP,Fancy Bonus,TE,8.77507E+12
178,Fender,Throbbing Term,Jaguar,9.97175E+12
179,Ibanez,Shrill Darkness,JS2480MCR,9.20341E+12
180,Charvel,Long Flower,DK,6.84795E+12
181,Carvin,Morning Rice,A6E,9.94701E+12
182,Carvin,Hidden Silence,A6E,4.02561E+11
183,B.C. Rich,Icy Leaf,Bich,7.91693E+12
184,Jackson,Orange Snow,Dinky,5.53724E+12
185,Taylor,Throbbing Rice,300 Series,4.11784E+12
186,Friedman,Young Band,Vintage-S,4.63345E+12
187,ESP,Tiny Pine,M,9.04568E+12
188,G&L,Orange Cake,Tribute ASAT,2.58336E+12
189,Taylor,Muddy Band,300 Series,91487978876
190,Charvel,Small Resonance,DK27,7.64479E+11
191,Gretsch,Snowy Glitter,White Penguin,6.3866E+12
192,ESP,Lucky Night,SN,8.58341E+12
193,Washburn,Lucky Fog,M160,1.60287E+12
194,ESP,Bold Union,H3,8.25641E+12
195,Scala,Calm Boat,Junkyard,9.39582E+12
196,Jackson,Curly Band,Juggernaut,6.69321E+12
197,Ibanez,Wild Block,PM200,9.80218E+12
198,Epiphone,Tight Dream,Les Paul Standard,5.47978E+12
199,Scala,Raspy Resonance,T-Style,2.76598E+12
200,Guild,Shy Sky,D25M,1.83851E+12
201,Scala,Odd Rice,Underdog,5.40122E+12
202,Scala,Round Bird,Burst,3.93989E+11
203,Jackson,Blue Block,Soloist,5.53696E+12
204,Jackson,Autumn Darkness,Soloist,2.03221E+12
205,Epiphone,Autumn Queen,Les Paul Traditional II,1.57492E+12
206,Jackson,Silent Snowflake,Juggernaut,8.11945E+12
207,Scala,Young Paper,Burst,6.42088E+12
208,Ibanez,Silent Recipe,KIKO200,6.55981E+12
209,Paul Reed Smith,Wild Shape,McCarty Singlecut,1.48337E+12
210,Washburn,Falling Rice,L20,3.4665E+12
211,G&L,Patient Sunset,Tribute Fallout,5.2119E+12
212,Jackson,Withered Dust,Soloist,24365128421
213,Epiphone,Delicate Wildflower,Les Paul Jr Double Cut,4.47267E+12
214,Charvel,Frosty Dawn,DK24,1.95286E+12
215,Gibson,Steep Shadow,SG Jr,9.29245E+12
216,Martin,Falling Shadow,HD-35,2.75204E+12
217,Schecter,Royal Rice,V-1,6.01094E+12
218,Friedman,Sparkling Queen,Vintage-T,7.11138E+12
219,Paul Reed Smith,Still Shape,SE 277 Baritone,5.83701E+12
220,Friedman,Falling Wave,Vintage-T,7.62847E+12
221,Gretsch,Noisy Leaf,Black Penguin,2.4231E+12
222,Charvel,Sweet Morning,Guthrie Govan Signature,6.95319E+11
223,Gibson,Divine Dream,ES-330,5.47278E+12
224,Gretsch,Shiny Sunset,Black Penguin,5.99981E+12
225,Martin,Flat Grass,CEO-7,6.76118E+12
226,Scala,Small Moon,Junkyard,1.82334E+12
227,Guild,Billowing Water,Doubleneck Custom,8.47937E+12
228,Scala,Rough Breeze,T-Style,9.47713E+12
229,Gretsch,Damp Leaf,Reverend Horton Heat,4.94569E+12
230,Schecter,Wandering Resonance,Solo-II,9.05646E+12
231,Rickenbacker,Misty Paper,Model 330-12,5.79758E+12
232,Fender,Summer Fire,Stratocaster,2.67011E+12
233,Carvin,Lively Forest,CT624X,8.89883E+12
234,G&L,Wispy Morning,Fullerton Deluxe Doheny,8.02845E+12
235,Washburn,Wild Wave,J3,3.77353E+12
236,Taylor,Billowing Limit,600 Series,1.58573E+12
237,Ibanez,Still Flower,GB10 George Benson,7.16768E+12
238,Taylor,Shiny Wave,500 Series,6.71033E+11
239,Ibanez,Long Hill,AF200,3.97092E+12
240,Squier,Yellow Dawn,Duo-Sonic,9.95658E+12
241,B.C. Rich,Shiny Pond,Warlock,6.91131E+11
242,G&L,Lingering Grass,Tribute Fallout,3.42927E+12
243,Squier,Aged Rice,Meteora,3.7168E+12
244,Paul Reed Smith,Still Limit,Super Eagle II,3.9542E+12
245,Martin,Lively Term,Ed Sheeran Signature,5.25334E+12
246,Charvel,Withered Water,DK27,6.1187E+12
247,ESP,White Snowflake,EC,3.42824E+12
248,Guild,Holy Heart,Doubleneck Custom,6.72262E+12
249,Schecter,Super Art,V-1,5.16469E+12
250,Friedman,Flat Water,Metro-D,2.06385E+12
251,B.C. Rich,Tiny Salad,Virgo,9.4734E+12
252,Epiphone,Sweet Limit,ES-355,6.71035E+12
253,Scala,Throbbing Pond,T-Style,4.45926E+12
254,Gretsch,Fragrant Flower,Penguin,1.38875E+12
255,Squier,Floral Bush,Meteora,4.20683E+12
256,Squier,Damp Night,Mustsang,5.0526E+11
257,Squier,Falling Pine,Telecaster,6.7095E+12
258,Charvel,Spring Cloud,DK24,5.38641E+12
259,Gretsch,Misty Forest,Irish Falcon,1.50012E+12
260,G&L,Wandering River,Fullerton Deluxe Comanche,3.00544E+12
261,Fender,Old Snowflake,Mustsang,8.97819E+12
262,G&L,Young Glade,Tribute Doheny,8.80968E+11
263,B.C. Rich,Misty Surf,Widow,5.08325E+12
264,Gretsch,Holy Art,Reverend Horton Heat,7.71011E+12
265,Schecter,Fancy Smoke,V-1,2.35343E+12
266,ESP,Nameless Snow,TE,5.84123E+12
267,Scala,Wandering Sun,Burst,2.75726E+12
268,Ibanez,Steep Paper,PS10,1.61882E+12
269,Carvin,Floral Pond,A6H,3.76919E+12
270,Ibanez,Quiet Unit,KIKO200,1.40347E+11
271,Paul Reed Smith,Long Bird,SE Custom 22,6.07586E+11
272,Washburn,Delicate Forest,J600,8.48015E+12
273,Gretsch,Floral Unit,White Penguin,3.76205E+12
274,Epiphone,Purple Lake,Flying V,2.73802E+12
275,Gibson,Red Base,Les Paul Jr Double Cut,4.39169E+12
276,G&L,Winter Firefly,Tribute Doheny,6.76789E+11
277,Epiphone,Royal Mud,Explorer,7.15762E+12
278,Ibanez,Gentle Moon,PGM333,3.3913E+12
279,Carvin,Dawn Frost,A6E,8.34386E+12
280,Scala,Polished Heart,Burst,7.30863E+12
281,Carvin,Broken Leaf,C7H,2.69463E+12
282,Friedman,Falling Wildflower,Metro-D,1.78108E+12
283,Epiphone,Billowing Breeze,Les Paul Jr,9.70229E+12
284,Washburn,Polished Snow,J600,1.35275E+12
285,Schecter,Red Sunset,C-7 SLS Evil Twin,4.27512E+12
286,Washburn,Aged Water,J600,7.53925E+12
287,Martin,Winter Waterfall,D-18,8.40529E+12
288,Carvin,Bold Disk,A6H,7.85107E+12
289,Taylor,Super Hat,600 Series,6.42993E+11
290,Taylor,Noisy Heart,700 Series,3.08055E+12
291,Friedman,Polished Wave,Metro-D,3.36553E+12
292,Taylor,Fancy Tooth,600 Series,5.43968E+12
293,Paul Reed Smith,Silent Wood,SE Custom 24 Ziricote,7.40957E+12
294,Schecter,Misty Smoke,E-1 Custom,6.54201E+12
295,Washburn,Green Hat,M10FRQ,5.50007E+12
296,Squier,Wild Mud,Jazzmaster,5.29613E+12
297,Schecter,Floral Salad,E-1 Custom,6.72771E+12
298,Gretsch,Polished Tooth,White Falcon,8.26951E+11
299,Ibanez,Cool Voice,PS10,6.58066E+12
300,Scala,Sparkling Pond,T-Style,9.37974E+12
301,Gibson,Bitter Hill,Les Paul Classic,5.05161E+12
302,Friedman,Super Bar,Vintage-T,1.00877E+12
303,Epiphone,Wispy Meadow,ES-355,8.03901E+12
304,Friedman,Late Truth,Metro-D,3.24053E+12
305,Ibanez,Weathered Night,JS2480MCR,8.72071E+12
306,Ibanez,Tiny King,AF200,7.41724E+12
307,Paul Reed Smith,Super Mountain,SE 277 Baritone,8.14874E+12
308,G&L,Fancy Poetry,Fullerton Deluxe Comanche,4.85594E+12
309,Schecter,Summer Term,C-6 Pro,7.24514E+11
310,Friedman,Summer River,Metro-D,1.83271E+12
311,ESP,Shrill Wood,Viper,9.4431E+12
312,Ibanez,Odd Darkness,AF200,7.54608E+12
313,Friedman,Ancient Fog,Cali,2.82082E+12
314,Guild,Crimson Dream,Doubleneck Custom,9.92783E+12
315,Scala,Wispy Sky,T-Style,4.8988E+12
316,Paul Reed Smith,Holy Heart,SE Mark Tremonti,5.21973E+12
317,Squier,Lively Queen,Mustsang,3.57338E+12
318,Scala,Soft Lab,ES,8.46078E+12
319,Rickenbacker,Jolly Grass,Model 1993 Plus,7.87344E+12
320,Taylor,Weathered Fog,100 Series,9.35066E+12
321,Gretsch,Flat Mode,Black Falcon,3.16903E+11
322,B.C. Rich,Snowy Credit,Virgo,7.33958E+12
323,Rickenbacker,Floral Morning,Model 340,4.91936E+12
324,B.C. Rich,Dawn Dew,Beast,3.59235E+12
325,Squier,Mute Morning,Stratocaster,4.21208E+12
326,Friedman,Damp Block,Cali,7.82934E+12
327,Rickenbacker,Sweet King,Model 1993 Plus,1.55622E+12
328,B.C. Rich,Plain Waterfall,Mockingbird,1.10684E+12
329,Rickenbacker,Small Grass,Model 300,9.68409E+12
330,Jackson,Quiet Frog,Soloist,9.53334E+12
331,Jackson,Fragrant Surf,Juggernaut,3.95408E+12
332,Squier,Red Forest,Stratocaster,5.8044E+12
333,Jackson,Crimson Hall,Juggernaut,5.44894E+12
334,Martin,Divine Flower,D-28,6.50101E+12
335,Taylor,Fragrant Water,800 Series,5.74849E+12
336,Taylor,Curly Sun,200 Series,7.97036E+12
337,Rickenbacker,Spring Sun,Model 1993 Plus,9.36E+12
338,Carvin,Yellow Dew,CT624X,5.2677E+12
339,Friedman,Purple Smoke,Vintage-S,2.03031E+12
340,Schecter,Misty Union,Keith Merror KM-7,7.77809E+12
341,Guild,Gentle Pond,D25M,6.31446E+12
342,G&L,Blue Smoke,Tribute ASAT,9.3291E+12
343,Gretsch,Bitter Waterfall,Reverend Horton Heat,7.65294E+12
344,Martin,Solitary Sunset,00-28,8.05232E+12
345,ESP,Cool Cloud,Black Metal,5.22002E+12
346,Carvin,Proud Sun,CT624X,4.58885E+12
347,Martin,Divine Bonus,HD-35,8.84315E+12
348,Gibson,Dark Resonance,Les Paul Studio,3.64969E+12
349,Taylor,Odd Haze,700 Series,3.05122E+12
350,ESP,Quiet Paper,Xtone,1.98767E+11
351,Taylor,Polished Tooth,200 Series,8.09151E+12
352,Guild,Wandering Dream,Starfire,5.38166E+12
353,Gibson,Twilight Glade,Les Paul Jr,4.44349E+12
354,Gretsch,Broad Recipe,G5420T,8.31827E+12
355,Paul Reed Smith,Odd King,SE Custom 22,2.16831E+12
356,Jackson,Morning Firefly,Juggernaut,2.53807E+12
357,Washburn,Yellow Shape,M10FRQ,2.2665E+12
358,B.C. Rich,Sweet Dust,Beast,8.60232E+12
359,Gibson,Fancy Wind,ES-355,6.20524E+12
360,Squier,Rapid Frog,Meteora,5.37174E+12
361,B.C. Rich,Throbbing Scene,Eagle,3.35133E+12
362,Gibson,Bold Brook,Flying V,6.4099E+12
363,Friedman,Bold Heart,Cali,7.62324E+12
364,Ibanez,Icy Sun,PM200,7.9499E+12
365,Taylor,Lingering Cherry,700 Series,73687562437
366,Ibanez,Lively Mud,JS2480MCR,7.75535E+12
367,Epiphone,Cold Pond,SG,5.6151E+12
368,Charvel,Yellow Breeze,DK27,7.29466E+12
369,Jackson,Restless Dew,Juggernaut,7.30448E+12
370,B.C. Rich,Soft Bush,Eagle,5.58459E+12
371,Taylor,Still Queen,500 Series,8.80686E+12
372,Gibson,Dry Hall,Les Paul Jr,5.40215E+12
373,Carvin,Rough Mountain,A7E,4.07388E+11
374,Friedman,Blue Hall,Vintage-S,5.50267E+12
375,Scala,Orange Block,Underdog,2.79703E+12
376,Jackson,Square Fog,Rhoads,5.51293E+12
377,Carvin,Orange Limit,A6H,8.81442E+12
378,Rickenbacker,Winter Cake,Model 360,8.29472E+11
379,Friedman,Empty Darkness,Vintage-T,2.21107E+12
380,Jackson,Flat Paper,Dinky,5.82258E+12
381,Squier,Quiet Silence,Stratocaster,7.71684E+12
382,G&L,Cold Truth,Tribute Comanche,1.78033E+12
383,Fender,Sweet Lake,Jazzmaster,6.30731E+12
384,Epiphone,Crimson Tree,ES-355,7.15908E+12
385,Gretsch,Purple Heart,Penguin,2.18988E+12
386,Scala,Weathered Band,Underdog,3.43035E+12
387,Carvin,Red Credit,A7E,9.61526E+12
388,Rickenbacker,Morning Limit,Model 340,9.49979E+12
389,Jackson,Summer Hall,King V,2.44795E+12
390,Jackson,Sparkling Lab,Juggernaut,8.96396E+12
391,Taylor,Still Waterfall,400 Series,4.1854E+12
392,Taylor,Shy Disk,600 Series,5.59565E+12
393,Carvin,Wispy Silence,CT624X,2.17474E+12
394,Schecter,Summer Wave,C-7 SLS Evil Twin,3.07853E+12
395,Scala,Floral Art,ES,1.6875E+12
396,Martin,Lingering King,Style 3 Centennial,8.29409E+12
397,Scala,Royal Field,Junkyard,9.60864E+12
398,Washburn,Summer Paper,HB15,6.3546E+12
399,Guild,Rough Surf,D25M,3.63153E+12
400,Charvel,Bitter Scene,Guthrie Govan Signature,6.03504E+12
401,Charvel,Raspy Poetry,DK,7.89304E+12
402,Rickenbacker,Dawn Wind,Model 1993 Plus,6.82337E+12
403,ESP,Plain Credit,H,6.09055E+12
404,Epiphone,Sparkling Hill,Firebird,8.05429E+11
405,Martin,Morning Wildflower,GPC-28E,3.11566E+12
406,Rickenbacker,Square Breeze,Model 360,9.71212E+12
407,Scala,Tight Wildflower,T-Style,1.10264E+12
408,Schecter,Old Field,C-6 Pro,5.03595E+12
409,Carvin,Long Bonus,A6E,4.30069E+11
410,Schecter,Jolly Dawn,Synyster Gates Custom,6.35928E+12
411,Martin,Mute Silence,D-28 Authentic 1937,4.31273E+12
412,G&L,Shrill Cell,Fullerton Deluxe ASAT,2.94206E+12
413,Guild,Tight Dream,A-150,1.2279E+12
414,B.C. Rich,Fragrant Wind,Igniter,3.18138E+12
415,Martin,Rough Pine,D-45,1.45193E+12
416,Martin,Purple Snowflake,D-41,7.59662E+12
417,Paul Reed Smith,Broken River,McCarty 594,9.05162E+12
418,Guild,Plain Sound,D40,9.04693E+12
419,Ibanez,Noisy Shadow,PGM333,7.12764E+12
420,Rickenbacker,Spring Hat,Model 360,8.87598E+12
421,Paul Reed Smith,Restless Glitter,Carlos Santana Signature,2.55198E+12
422,Friedman,Super Snowflake,Metro-D,4.0728E+12
423,Friedman,Damp Cherry,Metro-D,8.71395E+12
424,Taylor,Silent Thunder,300 Series,7.40728E+12
425,Friedman,Cool Scene,Vintage-S,7.17339E+12
426,Martin,Weathered River,GPC-28E,4.09488E+12
427,Carvin,Young Block,A7E,4.94867E+12
428,Guild,Plain Term,Doubleneck Custom,2.22443E+12
429,G&L,Still Mouse,Tribute Doheny,2.82387E+12
430,Carvin,Solitary Art,A6H,7.49806E+12
431,Carvin,Old Hat,A6E,1.81356E+12
432,Washburn,Morning Dew,J3,9.34755E+12
433,Martin,Restless Sun,GPC-28E,3.2256E+12
434,ESP,Dawn Flower,FRX,9.78411E+12
435,Charvel,Muddy Paper,Guthrie Govan Signature,3.07716E+12
436,ESP,Fancy Tooth,Arrow,6.77601E+11
437,Fender,Snowy Mouse,Stratocaster,7.13519E+12
438,G&L,Shrill Fire,Fullerton Deluxe Skyhawk,1.17723E+12
439,Taylor,Rapid Bird,400 Series,3.38649E+12
440,Gibson,Icy Snowflake,ES-355,2.22404E+12
441,Paul Reed Smith,Snowy Feather,McCarty Singlecut,1.19653E+12
442,Squier,Crimson Mud,Mustsang,1.79017E+12
443,Paul Reed Smith,Still Tooth,McCarty Singlecut,2.38352E+12
444,Carvin,Purple Pond,A6H,9.4535E+12
445,G&L,Plain Violet,ASAT Classic Bluesboy,1.9007E+12
446,Martin,Divine Darkness,CEO-7,9.34968E+12
447,Ibanez,Raspy Firefly,PS10,2.79501E+12
448,Epiphone,Nameless Grass,Les Paul Custom,2.4621E+12
449,Jackson,Broad Violet,Dinky,1.1043E+12
450,ESP,Small Limit,EX,4.46465E+12
451,Jackson,Long Frost,Kelly,2.2867E+12
452,Guild,Square Lab,Starfire,9.44079E+12
453,ESP,Rough Queen,FRX,7.61283E+12
454,Washburn,Curly Shadow,HB15,6.63102E+12
455,B.C. Rich,Misty Tooth,Widow,9.44183E+12
456,Jackson,Jolly Lab,Rhoads,8.15438E+12
457,Ibanez,Red Glade,PS10,8.84578E+12
458,Paul Reed Smith,Odd Frost,SE Carlos Santana,6.93206E+12
459,Taylor,White Flower,600 Series,2.93067E+12
460,Rickenbacker,Dark Band,Model 360,8.67771E+12
461,Washburn,Crimson Breeze,L20,9.78792E+12
462,Ibanez,Winter Rain,KIKO200,2.21706E+12
463,Friedman,Billowing Firefly,Metro-D,2.98254E+12
464,Squier,Patient Bar,Stratocaster,4.55232E+12
465,Ibanez,Falling Limit,JS2480MCR,6.58525E+12
466,Friedman,Soft Glitter,Metro-D,9.55637E+12
467,G&L,Round Lab,Tribute ASAT,7.84855E+11
468,Taylor,Morning Fire,800 Series,6.12925E+12
469,Squier,Odd Wood,Stratocaster,7.73047E+12
470,Ibanez,Soft Art,JS2480MCR,1.24293E+12
471,ESP,Steep Math,MH,79509969484
472,Washburn,Throbbing Band,M10FRQ,4.39729E+12
473,Epiphone,Delicate Resonance,Les Paul Traditional II,5.01008E+12
474,Epiphone,Sparkling Bar,Les Paul Standard,4.57637E+11
475,Gibson,Red Hill,Flying V,7.42004E+12
476,Washburn,Withered Sky,M10FRQ,2.21781E+12
477,Martin,Green Hall,Style 3 Centennial,5.20646E+12
478,Carvin,Long Sun,CT624X,2.76516E+12
479,G&L,Tight Heart,Fullerton Deluxe Comanche,1.31916E+12
480,ESP,Small Sea,M,8.85156E+11
481,Fender,Dark Wind,Jaguar,4.78541E+12
482,Fender,Crimson Grass,Jaguar,7.24027E+12
483,Fender,Lucky Dream,Telecaster,9.33822E+12
484,Ibanez,Royal Tree,PGM333,7.88473E+12
485,Ibanez,Square Silence,AF200,9.28296E+12
486,Scala,Broken Butterfly,Underdog,3.81389E+12
487,Fender,Icy Limit,Duo-Sonic,3.60732E+12
488,Fender,Sweet Voice,Duo-Sonic,3.72056E+12
489,Fender,Shy Surf,Jaguar,6.43717E+12
490,Jackson,Fragrant Butterfly,Dinky,7.72959E+12
491,Martin,Steep Moon,D-28,4.31171E+12
492,G&L,Holy Sun,Tribute Fallout,6.17601E+12
493,Squier,Restless Mud,Stratocaster,4.63297E+11
494,Carvin,Winter Dawn,C6H,9.38728E+12
495,Charvel,Sweet King,So-Cal Style,9.06731E+11
496,Scala,Broad Feather,Burst,3.89299E+12
497,Charvel,Aged Limit,So-Cal Style,1.3843E+12
498,Fender,Dawn Grass,Mustsang,5.17042E+12
499,ESP,Summer Lake,EC,5.11821E+11
500,Fender,Shrill Heart,Meteora,9.30959E+12
501,Ibanez,Quiet Shadow,AF200,8.04263E+12
502,Washburn,Wandering Recipe,M160,2.81265E+12
503,B.C. Rich,Wild Firefly,Seagull,4.72614E+12
504,Martin,Gentle Rice,D-35,3.14703E+12
505,Gretsch,Small Wave,G5425,6.71677E+12
506,ESP,Tight Flower,MH,5.82851E+12
507,ESP,White Boat,SN,1.49738E+12
508,Martin,Noisy Field,00-28,8.48252E+12
509,ESP,Dry Wood,Black Metal,44165324403
510,Guild,Shy Wood,D25M,3.75967E+12
511,Charvel,Tiny Sunset,Guthrie Govan Signature,7.66213E+12
512,Martin,Curly Surf,GPC-28E,6.19127E+12
513,Fender,Sweet Snow,Meteora,1.46201E+12
514,Paul Reed Smith,Floral Band,SE Custom 24 Ziricote,2.1558E+12
515,ESP,Super Feather,EC,8.66898E+12
516,Martin,Tight Dust,D-45,1.4879E+12
517,Guild,Winter Meadow,Starfire,4.4539E+12
518,Squier,Broken Shape,Jaguar,6.97219E+12
519,Scala,Gentle Wave,T-Style,1.21407E+12
520,Paul Reed Smith,Snowy Rice,SE Custom 22 Semi-Hollow,7.72757E+12
521,Rickenbacker,Dawn Bonus,Model 300,9.381E+12
522,Jackson,Soft Fog,Rhoads,5.0011E+12
523,Jackson,Long Cell,Kelly,7.52308E+12
524,Epiphone,Snowy Fire,ES-355,8.54547E+12
525,Taylor,Solitary Paper,600 Series,2.11711E+12
526,Gretsch,Damp Voice,Black Penguin,7.20642E+12
527,Schecter,Delicate Cherry,C-6 Pro,4.08075E+12
528,Ibanez,Calm Limit,AF200,5.18156E+12
529,Gibson,Lingering Rain,ES-330,1.28693E+12
530,Carvin,Young Waterfall,A6H,4.38704E+12
531,B.C. Rich,Blue Bonus,Beast,4.30395E+12
532,Gretsch,Tight Darkness,Penguin,3.05179E+12
533,Scala,Tight Hall,Burst,1.12869E+12
534,Scala,Royal Bar,Underdog,7.47294E+11
535,Jackson,Floral Breeze,King V,1.69459E+12
536,Washburn,Broken Glitter,J600,9.96759E+12
537,Charvel,Dry Dust,Guthrie Govan Signature,8.15912E+12
538,Paul Reed Smith,Ancient Firefly,SE 277 Baritone,3.21787E+12
539,Gibson,Curly Darkness,SG Jr,3.72456E+12
540,Paul Reed Smith,Bitter Truth,SE Custom 22,9.0831E+12
541,Scala,Orange Leaf,Junkyard,7.95975E+12
542,Squier,Weathered Breeze,Duo-Sonic,7.94927E+12
543,Epiphone,Withered Unit,Les Paul Studio,7.39077E+12
544,Epiphone,Spring Darkness,Les Paul Studio,6.4462E+12
545,Squier,Dry Haze,Jazzmaster,1.76795E+12
546,Jackson,Plain Water,King V,1.22745E+12
547,Friedman,Sweet Darkness,Vintage-T,7.62622E+12
548,Washburn,Shrill Firefly,J600,7.12264E+12
549,Scala,Cold Wind,Burst,2.50323E+12
550,Carvin,Divine Math,C7H,7.47794E+11
551,G&L,Long Thunder,Tribute Fallout,8.60034E+12
552,Carvin,Floral Heart,C7H,5.34199E+12
553,Martin,Old Dust,D-35,3.4867E+12
554,ESP,Long Water,Arrow,2.79524E+12
555,Charvel,Soft Breeze,SC1,4.12522E+12
556,Paul Reed Smith,Cool Salad,CE 24 Semi-Hollow,3.04873E+12
557,Friedman,Crimson Shape,Vintage-T,7.66176E+12
558,Ibanez,Proud Meadow,PGM333,9.34693E+12
559,Squier,Divine Night,Duo-Sonic,9.74749E+12
560,Gibson,Cool Waterfall,Les Paul Standard,9.98143E+12
561,Guild,Dawn Cell,Doubleneck Custom,5.39972E+12
562,Gibson,Small Night,Flying V,8.56292E+12
563,Washburn,Fragrant Lake,J600,4.67266E+11
564,ESP,Winter Sun,SN,4.7328E+12
565,Gretsch,Falling Frost,Black Penguin,7.80067E+12
566,Jackson,Steep Hat,King V,6.73436E+12
567,Ibanez,Hidden Frost,AF200,8.23141E+12
568,Taylor,Shy Tooth,500 Series,5.73611E+12
569,Washburn,Tiny Pond,J3,4.9129E+12
570,Rickenbacker,Shrill Leaf,Model 330-12,6.66252E+12
571,Jackson,Withered Rice,Juggernaut,1.0816E+12
572,Taylor,Royal Haze,800 Series,7.0743E+12
573,Schecter,Bitter Morning,C-7 SLS Evil Twin,5.61741E+12
574,Schecter,Shiny Sunset,C-7 SLS Evil Twin,4.99293E+12
575,Paul Reed Smith,Icy Meadow,SE Custom 24 Ziricote,1.47408E+12
576,Schecter,Curly Darkness,E-1 Custom,9.21875E+11
577,Friedman,Orange Butterfly,Metro-D,7.32805E+11
578,Guild,Holy Band,D25M,1.83239E+12
579,Taylor,Shiny Fog,700 Series,7.65635E+12
580,Squier,Tiny Recipe,Jaguar,5.7948E+12
581,Gibson,Rough Waterfall,ES-355,9.44045E+12
582,Washburn,Calm Rain,M10FRQ,3.50177E+12
583,Schecter,Bitter Wave,E-1 Custom,4.16158E+12
584,Paul Reed Smith,Shiny Meadow,Super Eagle II,7.56119E+11
585,Washburn,Odd Term,J600,1.87023E+12
586,G&L,Fragrant Sun,Fullerton Deluxe Comanche,3.15788E+12
587,B.C. Rich,Curly Tooth,Virgo,6.12771E+12
588,Carvin,Long Hill,A6H,1.13201E+12
589,Charvel,Purple Limit,DK27,5.07909E+12
590,Squier,Cold Mode,Jaguar,4.13127E+12
591,Carvin,Spring Fire,A6H,8.35159E+12
592,Charvel,Solitary Queen,So-Cal Style,1.78407E+11
593,Scala,Fragrant Frog,Underdog,3.64023E+12
594,G&L,White Cherry,Fullerton Deluxe ASAT,7.0569E+12
595,B.C. Rich,Still Wildflower,Igniter,7.95634E+11
596,Taylor,Fancy Lab,800 Series,4.68321E+12
597,Epiphone,Broad Cell,Les Paul Jr Double Cut,2.40048E+12
598,Taylor,Billowing King,600 Series,4.2611E+12
599,Epiphone,Empty Poetry,Coronet,9.83497E+12
600,Rickenbacker,Plain Wood,Model 330-12,5.90068E+12
601,Schecter,Weathered Shadow,E-1 Custom,9.11409E+12
602,Taylor,Damp Glitter,400 Series,5.93082E+12
603,Charvel,Restless Boat,DK24,7.27002E+12
604,Paul Reed Smith,Withered Tooth,SE Custom 22 Semi-Hollow,2.23192E+12
605,Gretsch,Sweet Term,Penguin,2.70978E+12
606,Carvin,Icy Heart,A7E,5.94771E+12
607,Washburn,Young Unit,HB15,6.42095E+12
608,Gibson,Green Sky,ES-355,3.89174E+11
609,Ibanez,Lively Star,JEM7V,6.10612E+12
610,B.C. Rich,Late Hat,Widow,5.40685E+12
611,Washburn,Falling Flower,M160,7.95279E+11
612,Charvel,Empty Dew,SC1,7.91989E+12
613,Taylor,Proud Frog,600 Series,3.85616E+12
614,Paul Reed Smith,Raspy Base,McCarty 594,8.14795E+12
615,Rickenbacker,Raspy Frog,Model 300,3.55392E+12
616,Guild,Damp Cake,Doubleneck Custom,2.96486E+12
617,Jackson,Aged Bread,Soloist,7.81172E+12
618,Ibanez,Round Surf,KIKO200,4.78352E+12
619,ESP,Withered Sun,Arrow,9.30946E+12
620,Fender,Bold Violet,Telecaster,1.69665E+12
621,B.C. Rich,Damp Snowflake,Seagull,6.02604E+12
622,Gibson,Noisy Cell,ES-330,2.27543E+12
623,Gibson,Bold Bird,ES-330,3.82234E+12
624,Gretsch,Square Morning,Black Penguin,3.64498E+12
625,Paul Reed Smith,Solitary Wind,McCarty 594,3.07161E+11
626,Gibson,Orange Rain,Les Paul Standard,6.04775E+12
627,Friedman,Billowing Mountain,Vintage-T,2.12469E+12
628,Martin,Broad Thunder,D-28,8.20439E+12
629,Martin,Jolly Glade,D-35,1.35971E+12
630,Carvin,Twilight Cherry,A6C,6.18992E+12
631,Schecter,Raspy Lab,C-7 SLS Evil Twin,4.46612E+12
632,Epiphone,Red Mode,Les Paul Standard Double Cut,9.22313E+12
633,Gretsch,Purple Mode,Black Falcon,1.79274E+12
634,Fender,Black Rain,Duo-Sonic,7.48763E+12
635,Charvel,Royal Recipe,So-Cal Style,9.22426E+12
636,Scala,Purple Mouse,Underdog,9.75141E+11
637,Washburn,Lively Unit,J3,9.70728E+12
638,Carvin,Fancy Unit,A6C,2.3588E+12
639,Gretsch,White Unit,Black Penguin,3.91426E+12
640,Ibanez,Yellow Bush,PGM333,3.01247E+12
641,Fender,Proud Mouse,Telecaster,6.74965E+11
642,Carvin,Bold Unit,A6E,8.87443E+12
643,Schecter,Shy Dawn,E-1 Custom,19768497960
644,Martin,Tiny Pine,D-45,5.24317E+12
645,G&L,Rapid Flower,Fullerton Deluxe Skyhawk,6.28468E+12
646,B.C. Rich,Shrill Term,Virgo,8.86991E+12
647,Guild,Sweet Dawn,Starfire,9.48644E+12
648,Rickenbacker,Wild Lab,Model 300,4.53259E+12
649,G&L,Long Wildflower,Tribute ASAT,3.54141E+12
650,Fender,Flat Lab,Mustsang,8.85355E+12
651,Taylor,Patient Bread,400 Series,2.32947E+12
652,Fender,Withered Meadow,Telecaster,4.02021E+12
653,Fender,Sparkling Pine,Telecaster,5.58485E+12
654,Gretsch,Damp Pine,Penguin,7.82261E+12
655,Taylor,Billowing River,500 Series,8.50141E+12
656,Taylor,Plain Wildflower,200 Series,9.46614E+11
657,Fender,Ancient Violet,Mustsang,2.57466E+12
658,Friedman,Lingering Breeze,Vintage-S,9.24953E+12
659,Squier,Dry Bush,Jazzmaster,60304462409
660,Rickenbacker,Twilight Violet,Model 300,2.13571E+12
661,Rickenbacker,Quiet Star,Model 340,1.19444E+11
662,Carvin,Autumn Unit,A6H,9.1556E+12
663,Washburn,Summer Flower,M10FRQ,7.53343E+12
664,Taylor,Quiet Smoke,300 Series,8.44702E+12
665,Schecter,Wandering Tree,Synyster Gates Custom,9.99161E+12
666,Charvel,Plain Art,SC1,9.81251E+12
667,Martin,Divine Hill,HD-35,3.46908E+12
668,Friedman,Square Base,Vintage-S,2.40654E+12
670,Epiphone,Rapid Scene,Les Paul Studio,8.84974E+12
671,Friedman,Delicate Sound,Vintage-S,8.3576E+12
672,Jackson,Wispy Lake,Soloist,2.84757E+12
673,Gretsch,Spring Resonance,Black Penguin,2.78534E+12
674,Martin,Steep Meadow,D-41,2.75395E+12
675,Scala,Fragrant Mud,Junkyard,5.5028E+12
676,Guild,Purple Resonance,D40,1.92439E+11
677,Scala,Misty Art,Burst,2.46831E+12
678,Rickenbacker,Lucky Snow,Model 340,5.36026E+12
679,Washburn,Plain Sky,J600,2.74876E+12
680,Squier,Hidden Sea,Telecaster,8.15299E+12
681,Fender,Throbbing Violet,Jaguar,7.07047E+11
682,ESP,Delicate Violet,M,8.37958E+12
683,Ibanez,Square Salad,AF200,7.81863E+12
684,Martin,Wispy Shadow,Ed Sheeran Signature,7.84675E+12
685,Charvel,Lucky Shape,DK24,1.26648E+12
686,Scala,Red Unit,T-Style,5.52143E+12
687,Guild,Super Disk,Starfire,4.42859E+12
688,Scala,Curly Unit,T-Style,6.39901E+12
689,Epiphone,Wispy Night,Casino,8.89265E+12
690,Scala,Lingering Paper,Junkyard,8.08907E+11
691,ESP,Muddy Math,M,2.48888E+12
692,Martin,Winter Paper,GPC-28E,7.71055E+12
693,G&L,Crimson Limit,Tribute ASAT,8.53206E+12
694,Ibanez,Lively Disk,JS2480MCR,6.27422E+12
695,B.C. Rich,Proud Bird,Eagle,8.6516E+12
696,Schecter,Curly Rice,V-1,4.4787E+12
697,Taylor,Holy Queen,600 Series,7.30882E+12
698,G&L,Soft Rice,Fullerton Deluxe ASAT,3.15154E+12
699,Fender,Curly Pine,Jazzmaster,2.8808E+12
700,Gretsch,Dry Dust,Chet Atkins,7.84219E+12
701,Paul Reed Smith,Green Fog,SE Mark Tremonti,5.82086E+12
702,Gretsch,Lingering Math,Black Penguin,9.63056E+12
703,Schecter,Broad Resonance,V-1,8.79824E+11
704,Jackson,Odd Paper,Soloist,9.00054E+12
705,Paul Reed Smith,Still Water,CE 24 Semi-Hollow,1.02133E+11
706,Guild,Tight Sound,Doubleneck Custom,7.51336E+12
707,Rickenbacker,Royal Sun,Model 1993 Plus,5.62002E+12
708,Schecter,Green Surf,V-1,7.34399E+12
709,Ibanez,Summer Silence,JS1CR Joe Satriani,1.48671E+12
710,Carvin,Bold Unit,A7E,7.44437E+12
711,Carvin,Weathered Frost,A6H,6.01202E+12
712,Scala,Withered Pine,Underdog,7.20397E+12
713,Taylor,Damp Rice,400 Series,9.41239E+12
714,Rickenbacker,Red Mud,Model 300,1.27739E+12
715,Washburn,Summer Frog,M10FRQ,4.82364E+12
716,Rickenbacker,Sweet Dew,Model 330-12,3.19303E+12
717,B.C. Rich,Curly Glade,Virgin,2.23361E+12
718,Ibanez,Withered Surf,JEM7V,2.71311E+12
719,Squier,Snowy Forest,Meteora,7.23217E+12
720,Charvel,Proud Sky,SC1,7.02749E+12
721,Scala,Fancy Sun,Junkyard,9.57375E+12
722,Martin,Tiny Sky,GPC-28E,1.78266E+12
723,Schecter,Purple Violet,V-1,1.70657E+12
724,Carvin,Soft Queen,A6H,1.21061E+12
725,Paul Reed Smith,Mute Math,Carlos Santana Signature,8.61989E+11
726,B.C. Rich,Dawn Rice,Wave,4.61118E+12
727,Rickenbacker,Twilight Moon,Model 340,6.68039E+11
728,Epiphone,Silent King,Coronet,9.04105E+12
729,Fender,Old Night,Meteora,4.26194E+12
730,Squier,Billowing Unit,Duo-Sonic,5.61518E+12
731,B.C. Rich,Restless Silence,Beast,3.79589E+12
732,Epiphone,Odd Pine,ES-355,9.17278E+12
733,Taylor,Floral Dream,800 Series,5.6476E+12
734,B.C. Rich,Fancy Mode,Seagull,1.44286E+12
735,Gretsch,Fancy Resonance,G5420T,9.50951E+12
736,Charvel,Lively Limit,Guthrie Govan Signature,2.71206E+12
737,Gretsch,Odd Truth,Chet Atkins,1.54309E+12
738,B.C. Rich,Floral Moon,Warlock,6.81895E+12
739,Gretsch,Ancient Queen,G5425,1.42168E+12
740,Jackson,Flat Morning,Kelly,6.72065E+12
741,ESP,Round Lake,EC,2.24872E+12
742,G&L,Red King,Tribute Fallout,6.16158E+12
743,Washburn,Dawn Star,HB35,42728491425
744,Fender,Solitary Queen,Duo-Sonic,43052672924
745,Paul Reed Smith,Lively Cherry,SE Custom 24 Ziricote,8.47168E+12
746,Friedman,Muddy Cherry,Metro-D,7.7024E+12
747,Paul Reed Smith,Broad Dust,CE 24 Semi-Hollow,6.13165E+12
748,Gibson,Morning Morning,Les Paul Jr Double Cut,5.9746E+12
749,Friedman,Round Boat,Metro-D,7.55627E+12
750,Ibanez,Red Resonance,GB10 George Benson,7.56346E+12
751,Carvin,Lively King,CT624X,4.18414E+12
752,G&L,Little Meadow,Tribute ASAT,3.71507E+12
753,Ibanez,Dry Term,JEM7V,2.71774E+12
754,Epiphone,Long Snow,ES-355,6.11278E+12
755,Washburn,Odd Unit,J3,5.48401E+12
756,Epiphone,Black Sun,Coronet,2.36851E+11
757,Taylor,White Feather,500 Series,6.36677E+12
758,Paul Reed Smith,White Recipe,SE Custom 22 Semi-Hollow,9.13982E+12
759,B.C. Rich,Billowing Truth,Widow,6.2724E+12
760,Taylor,Green Glade,600 Series,6.36571E+12
761,ESP,White Credit,F,9.35785E+12
762,Rickenbacker,Falling Night,Model 360,4.38374E+12
763,Friedman,Delicate Water,Vintage-T,3.19101E+12
764,Ibanez,Round Brook,JEM7V,2.86769E+12
765,ESP,Delicate Dream,TE,3.46011E+12
766,Carvin,Delicate Wildflower,A7E,2.20944E+12
767,Charvel,Solitary Grass,Guthrie Govan Signature,1.11677E+12
768,Epiphone,Wild Darkness,SG,5.59936E+12
769,Guild,Dry Boat,A-150,3.41575E+12
770,ESP,Still Forest,EX,3.67414E+12
771,Schecter,Wandering Sky,E-1 Custom,7.20403E+12
772,Epiphone,Muddy Base,Firebird,1.79635E+12
773,B.C. Rich,Silent Waterfall,Igniter,5.27693E+12
774,Squier,Dry Bread,Mustsang,2.71718E+12
775,Guild,Falling Sunset,Doubleneck Custom,2.45606E+12
776,Epiphone,Weathered Block,Les Paul Standard Double Cut,8.54081E+12
777,Gibson,Frosty Block,Explorer,1.0784E+12
778,Fender,White Snowflake,Jazzmaster,7.42102E+12
779,Guild,Lingering Limit,D25M,8.17948E+12
780,Scala,Crimson Pine,Burst,8.0195E+12
781,Gretsch,Delicate Forest,Irish Falcon,6.57722E+12
782,Squier,Shiny Bird,Telecaster,9.747E+12
783,Washburn,Blue Hall,HB15,8.03962E+12
784,Charvel,Late Surf,Guthrie Govan Signature,2.18054E+12
785,Gretsch,Shiny Band,Reverend Horton Heat,7.61799E+12
786,Washburn,Winter Shape,J600,6.96597E+12
787,Gretsch,Quiet Mountain,Black Falcon,3.54089E+12
788,ESP,Purple Morning,M,1.69133E+12
789,Jackson,Royal Dew,Kelly,6.30115E+12
790,Rickenbacker,Long Wood,Model 300,5.41387E+12
791,Scala,Lively Cherry,Junkyard,9.69488E+12
792,B.C. Rich,Plain Pine,Mockingbird,3.70148E+11
793,Gibson,Tight Morning,Flying V,6.17399E+12
794,Martin,Fancy Sea,Ed Sheeran Signature,4.03842E+12
795,ESP,Autumn Shape,TE,8.79101E+12
796,G&L,Misty Term,Tribute Fallout,3.60047E+12
797,Jackson,Holy Hall,Juggernaut,8.56648E+12
798,Squier,Purple Grass,Jaguar,1.14797E+12
799,Scala,Aged Silence,T-Style,6.16409E+12
800,Gibson,Restless Credit,ES-175,1.8515E+12
801,Squier,Plain Snowflake,Mustsang,2.94855E+12
802,Martin,Cool Wood,HD-35,2.36711E+12
803,Taylor,Rough Rice,500 Series,9.21176E+12
804,Ibanez,Curly Voice,JS1CR Joe Satriani,5.297E+12
805,Carvin,Cool Bush,CT624X,6.75984E+12
806,Friedman,Red Cell,Vintage-S,3.09018E+12
807,B.C. Rich,Flat Cake,Stealth,3.32824E+12
808,Guild,White Recipe,A-150,1.6213E+11
809,Fender,Dark Bread,Telecaster,9.98948E+12
810,ESP,Rapid Art,Black Metal,5.58705E+12
811,Taylor,Wandering Fire,100 Series,3.93384E+12
812,Jackson,Rapid Credit,Rhoads,4.55037E+12
813,Paul Reed Smith,Floral Term,McCarty Singlecut,8.78056E+12
814,Rickenbacker,Royal Boat,Model 1993 Plus,4.25789E+12
815,ESP,Broad Bar,Black Metal,7.45173E+12
816,Ibanez,Flat Smoke,GB10 George Benson,5.77468E+12
817,Squier,Jolly Dream,Meteora,3.91375E+12
818,Gretsch,Sparkling Frog,Reverend Horton Heat,6.93961E+12
819,Squier,Proud Butterfly,Duo-Sonic,7.22755E+12
820,Epiphone,Steep Fog,SG Jr,5.93222E+12
821,Charvel,Withered Queen,Guthrie Govan Signature,1.4265E+12
822,Paul Reed Smith,Shy Term,McCarty 594,8.27017E+12
823,Jackson,Frosty Leaf,King V,2.21459E+12
824,Paul Reed Smith,Patient Darkness,Super Eagle II,9.03996E+12
825,Epiphone,Sweet Violet,Les Paul Studio,4.88478E+12
826,Charvel,Green River,DK24,6.52989E+12
827,Epiphone,Broad Moon,ES-355,5.50448E+11
828,B.C. Rich,Rapid Hall,Virgo,4.88186E+12
829,Squier,Weathered Poetry,Telecaster,5.28449E+12
830,Jackson,Hidden Butterfly,Kelly,8.56918E+12
831,Scala,Summer Scene,T-Style,5.25209E+12
832,Epiphone,Odd Glade,Les Paul Traditional II,5.45782E+11
833,Washburn,Floral Art,HB15,3.92482E+12
834,Jackson,Restless Pond,Rhoads,4.44256E+12
835,Guild,Divine Mountain,Doubleneck Custom,9.53268E+12
836,Fender,Dark Shadow,Stratocaster,8.88916E+12
837,Washburn,Polished Shadow,HB35,8.64831E+12
838,Jackson,Green Morning,Dinky,5.2096E+12
839,Guild,Fancy Disk,Starfire,2.42939E+12
840,Rickenbacker,Noisy Recipe,Model 1993 Plus,4.05978E+12
841,Ibanez,Holy Mud,PGM333,1.35481E+12
842,Carvin,Falling Wildflower,A6E,6.584E+12
843,ESP,Purple Forest,MH,4.43906E+12
844,Epiphone,Summer Base,ES-355,9.00986E+12
845,Gibson,Rough Sound,ES-355,6.98528E+11
846,Epiphone,Aged Meadow,Coronet,4.09027E+11
847,ESP,Long Cherry,FRX,6.64066E+12
848,Carvin,Steep Resonance,A6E,4.48888E+11
849,Carvin,Icy Forest,C7H,4.59059E+12
850,Carvin,Royal Recipe,A7E,2.84859E+11
851,Rickenbacker,Nameless Sun,Model 330-12,5.92898E+12
852,B.C. Rich,Broad Feather,Mockingbird,6.95031E+12
853,Rickenbacker,Cool Pond,Model 340,3.15096E+12
854,B.C. Rich,Summer Queen,Widow,7.65906E+12
855,Epiphone,Little Base,Flying V,9.1696E+12
856,Carvin,Lingering Haze,A7E,16416956442
857,Ibanez,Steep Credit,JS1CR Joe Satriani,1.88096E+12
858,Scala,Green Hall,Underdog,6.77678E+12
859,Epiphone,Morning Tooth,ES-355,7.59554E+11
860,Carvin,Sparkling Violet,A6E,2.33065E+12
861,ESP,Aged Snowflake,TE,4.79162E+11
862,Rickenbacker,Quiet Star,Model 330-12,8.74116E+12
863,Washburn,Billowing Thunder,M160,1.34541E+12
864,Jackson,Little Bar,Juggernaut,7.76785E+12
865,Rickenbacker,Soft Field,Model 300,6.89881E+12
866,Charvel,Wild Art,So-Cal Style,6.91135E+12
867,Taylor,Patient Leaf,200 Series,9.06203E+12
868,Gibson,Frosty Bush,ES-355,8.95369E+12
869,Martin,Autumn Morning,Ed Sheeran Signature,1.85165E+12
870,Epiphone,Spring King,ES-355,2.75848E+12
871,Fender,Floral Smoke,Jazzmaster,5.78789E+12
872,Fender,Bold Wave,Mustsang,4.59766E+12
873,Carvin,Old Feather,A6H,9.80118E+12
874,Charvel,Still Mountain,So-Cal Style,3.56166E+12
875,Fender,Weathered Firefly,Mustsang,5.16686E+12
876,Guild,Yellow Tree,Starfire,3.66918E+12
877,Squier,Broken Mode,Jaguar,7.99663E+12
878,Jackson,Rough Dew,King V,8.19306E+12
879,Rickenbacker,Empty Dust,Model 300,3.65859E+12
880,Rickenbacker,Lively Field,Model 300,1.97745E+12
881,Carvin,Still Recipe,A7E,6.73153E+12
882,Jackson,Raspy Dawn,Rhoads,1.60938E+12
883,Scala,Little Feather,Junkyard,9.06243E+11
884,Washburn,Nameless Bird,HB35,4.88203E+12
885,Fender,Dark Disk,Meteora,6.76381E+12
886,Taylor,Icy Frog,100 Series,7.08763E+12
887,Fender,Silent Snow,Stratocaster,4.5183E+12
888,Scala,Odd Field,T-Style,5.03306E+11
889,G&L,Old Truth,Tribute Doheny,9.50259E+12
890,Carvin,Steep Cloud,A6H,8.11941E+12
891,Ibanez,Broken Hat,KIKO200,2.34897E+12
892,Schecter,Restless Math,C-7 SLS Evil Twin,6.31138E+11
893,Paul Reed Smith,Soft Glade,Paul's Guitar,9.8002E+12
894,Jackson,Silent Union,Rhoads,1.41823E+12
895,G&L,Shy Truth,Fullerton Deluxe Comanche,3.16985E+12
896,Martin,Sparkling Snow,CEO-7,8.86721E+12
897,Taylor,Crimson Fire,100 Series,5.50385E+11
898,Ibanez,Late Cherry,PS10,4.4544E+12
899,G&L,Divine Queen,Fullerton Deluxe ASAT,5.06182E+12
900,Jackson,Fragrant Salad,Juggernaut,9.47715E+12
901,ESP,Little Sunset,Arrow,5.34781E+12
902,Schecter,Snowy Smoke,E-1 Custom,4.91375E+11
903,Rickenbacker,Shy Pine,Model 340,2.74751E+11
904,Gretsch,Frosty Forest,Black Penguin,9.68578E+12
905,B.C. Rich,Orange Glitter,Stealth,9.51301E+12
906,Fender,Weathered Field,Jaguar,9.79472E+12
907,G&L,Delicate Mud,Fullerton Deluxe Comanche,3.98228E+12
908,Paul Reed Smith,Bitter Term,SE 277 Baritone,6.18098E+12
909,Scala,Bitter King,Underdog,4.45586E+12
910,Jackson,Lingering Band,Soloist,4.28519E+12
911,Rickenbacker,Twilight Pond,Model 300,9.19264E+12
912,Rickenbacker,Cold Wildflower,Model 1993 Plus,1.75569E+11
913,Epiphone,Wandering Smoke,Les Paul Studio,8.0002E+12
914,Gretsch,Lucky Snow,White Falcon,3.73988E+12
915,Schecter,Shrill Waterfall,Solo-II,3.60538E+11
916,G&L,Quiet Hat,Fullerton Deluxe Skyhawk,2.60838E+12
917,Fender,Royal Disk,Duo-Sonic,9.23966E+12
918,Squier,Raspy Hill,Stratocaster,9.30879E+12
919,Schecter,Shiny Thunder,Solo-II,7.25561E+12
920,Martin,Lingering Salad,D-35,6.56642E+12
921,Friedman,Billowing Shape,Vintage-T,1.68062E+12
922,Paul Reed Smith,Icy Poetry,Silver Sky,1.74096E+12
923,Fender,Still Voice,Meteora,1.57703E+12
924,Squier,Young Mouse,Jaguar,7.43293E+12
925,Carvin,Tight Boat,A6E,8.66061E+11
926,Rickenbacker,Snowy Snowflake,Model 360,2.90773E+12
927,Fender,Polished Mouse,Duo-Sonic,2.3676E+11
928,Charvel,Soft Darkness,So-Cal Style,2.6367E+12
929,Washburn,Sweet Frost,M10FRQ,2.29296E+12
930,G&L,Crimson River,ASAT Classic Bluesboy,2.06156E+12
931,Charvel,Billowing Snowflake,So-Cal Style,9.84154E+12
932,Epiphone,Wild Grass,ES-330,3.85822E+12
933,Epiphone,Blue Snow,Les Paul Jr,9.86615E+12
934,Carvin,Wispy Fire,A6H,2.76447E+12
935,B.C. Rich,Divine Tooth,Stealth,2.37422E+12
936,Squier,Wispy Shadow,Mustsang,9.09296E+12
937,Epiphone,Twilight Cake,SG,1.83078E+12
938,Taylor,Super Silence,600 Series,8.37229E+12
939,Squier,Lingering Wood,Jaguar,6.48983E+12
940,Rickenbacker,Mute Glitter,Model 330-12,8.28665E+12
941,Carvin,Noisy Voice,A6E,6.09017E+12
942,Rickenbacker,White Sunset,Model 300,2.08708E+12
943,Gretsch,Shiny Forest,Black Penguin,8.25788E+12
944,Gibson,Noisy Heart,ES-330,5.15572E+11
945,Gibson,Bold Night,Les Paul Studio,8.2342E+12
946,B.C. Rich,Broken Smoke,Eagle,5.94645E+12
947,Epiphone,Cool Snow,ES-330,8.33396E+12
948,G&L,Flat Bar,Tribute Doheny,9.36429E+12
949,Washburn,Shy Morning,J600,3.15091E+11
950,Gibson,Nameless Forest,Explorer,6.10871E+12
951,G&L,Rough Math,Tribute Comanche,8.26611E+12
952,Washburn,Throbbing Sky,M160,1.57254E+12
953,Ibanez,Quiet Night,KIKO200,6.14817E+12
954,Washburn,Noisy River,M10FRQ,2.46214E+12
955,Guild,Round Frog,D25M,3.92983E+12
956,Friedman,Wandering Rain,Vintage-T,4.19287E+12
957,Schecter,Tight Wind,Solo-II,9.30151E+12
958,Martin,Super Art,D-28,7.41332E+12
959,Schecter,Flat Band,Solo-II,3.8016E+12
960,Schecter,Blue Bar,Synyster Gates Custom,9.52978E+12
961,Guild,Mute Surf,D25M,4.74909E+12
962,Gibson,Square Mountain,ES-355,6.18654E+12
963,Squier,Round Breeze,Duo-Sonic,2.6647E+12
964,Washburn,Rapid Dawn,HB15,7.61214E+12
965,ESP,Billowing Haze,M,6.99325E+12
966,B.C. Rich,Floral Breeze,Igniter,2.67671E+12
967,Schecter,Hidden Dream,V-1,1.22357E+12
968,Martin,Rough River,D-28,7.30124E+12
969,Guild,Green Block,D25M,3.1918E+11
970,Epiphone,Plain Fire,ES-355,2.8197E+12
971,G&L,Dawn Snow,ASAT Classic Bluesboy,5.75562E+11
972,Carvin,Orange Truth,A6H,8.47271E+12
973,Friedman,Late Union,Vintage-S,3.80231E+12
974,Guild,Weathered Fog,D25M,5.7513E+12
975,ESP,Nameless Leaf,Xtone,9.75171E+12
976,Friedman,Divine Sunset,Vintage-S,7.67147E+12
977,Rickenbacker,Square Moon,Model 360,8.36688E+12
978,Guild,Plain River,Starfire,7.01043E+12
979,Washburn,Wandering Unit,J3,3.6015E+12
980,B.C. Rich,Steep Star,Warlock,2.91897E+11
981,Ibanez,Square Mud,PGM333,6.01418E+12
982,ESP,Patient Sound,Viper,9.50339E+12
983,Squier,Broad Frost,Telecaster,8.62967E+12
984,Washburn,Crimson Wind,J600,5.2495E+12
985,Charvel,Rough Base,DK27,1.42295E+12
986,Paul Reed Smith,Cool Sky,SE Standard 24,1.56684E+12
987,Carvin,Falling Breeze,A7E,8.52488E+12
988,B.C. Rich,Sparkling Glade,Wave,5.91381E+12
989,Gibson,Restless Pond,ES-175,7.88346E+12
990,Taylor,Royal Poetry,700 Series,7.15683E+12
991,Friedman,Long Darkness,Metro-D,6.39237E+12
992,Epiphone,Restless Bush,ES-330,9.44713E+12
993,Schecter,Broken Bird,Solo-II,4.07315E+12
994,ESP,Small Surf,Xtone,1.25551E+11
995,Squier,Summer Bonus,Stratocaster,6.15619E+12
996,G&L,Frosty Boat,Tribute ASAT,7.81446E+12
997,Scala,Patient Shape,Underdog,5.63375E+12
998,Guild,Purple Hall,Doubleneck Custom,6.9065E+12
999,Gibson,,Les Paul Standard,
1000,Gibson,Peter Green,Les Paul Standard,
1001,Ibanez,Evo,JEM7VWH,
1002,Airline,JB Hutto,Montgomery Ward,
1003,Fender,,Telecaster,
1004,Gibson,Iron Cross,Les Paul Custom,
1005,Tom Holmes,,Flying V Type,
1006,Gibson,,Southern Jumbo,
1007,Performance Guitar USA,Arm The Homeless,Mongrel Custom,
1008,Gretsch,Twang Machine,G6138,
1009,John Diggins,Old Boy,SG Type,
1010,Fender,The Black Strat,Stratocaster,
1011,Martin,Trigger,N20,
1012,Fender,Polka Dot,Stratocaster,
1013,Gibson,Lucille,ES355,
1014,Epiphone,,Casino,
1015,Brian May,Red Special,Red Special,
1016,Eddie Van Halen,Frankenstrat,Stratocaster Type,
1017,Gibson,The Fool,SG,
1018,Gibson,Old Black,Les Paul Standard,
1019,Gibson,Lucy,Les Paul Standard,
1020,Gibson,,Les Paul Standard,